--------------------------------------------------------
--  File created - Tuesday-February-27-2018   
--------------------------------------------------------
DROP TABLE "SCHOOL_WEBSPACE"."CLASS" cascade constraints;
DROP TABLE "SCHOOL_WEBSPACE"."CLASSATTENDANCEDB" cascade constraints;
DROP TABLE "SCHOOL_WEBSPACE"."CLASSROOM" cascade constraints;
DROP TABLE "SCHOOL_WEBSPACE"."CLASSSUBJECTDIST" cascade constraints;
DROP TABLE "SCHOOL_WEBSPACE"."CLASSTIMETABLE" cascade constraints;
DROP TABLE "SCHOOL_WEBSPACE"."EXAM" cascade constraints;
DROP TABLE "SCHOOL_WEBSPACE"."EXAMENROLLDB" cascade constraints;
DROP TABLE "SCHOOL_WEBSPACE"."EXAMHALLTICKETDB" cascade constraints;
DROP TABLE "SCHOOL_WEBSPACE"."EXAMRESULTDB" cascade constraints;
DROP TABLE "SCHOOL_WEBSPACE"."EXAMSTATUS" cascade constraints;
DROP TABLE "SCHOOL_WEBSPACE"."LOGINDB" cascade constraints;
DROP TABLE "SCHOOL_WEBSPACE"."NEWSEVENTSDB" cascade constraints;
DROP TABLE "SCHOOL_WEBSPACE"."SALARYSTATUS" cascade constraints;
DROP TABLE "SCHOOL_WEBSPACE"."STAFFACCOUNTSDB" cascade constraints;
DROP TABLE "SCHOOL_WEBSPACE"."STAFFINFODB" cascade constraints;
DROP TABLE "SCHOOL_WEBSPACE"."STUDENTACCOUNTSDB" cascade constraints;
DROP TABLE "SCHOOL_WEBSPACE"."STUDENTINFODB" cascade constraints;
DROP TABLE "SCHOOL_WEBSPACE"."STUDENTSUBJECTDIST" cascade constraints;
DROP TABLE "SCHOOL_WEBSPACE"."STUDENTSUBJECTREPORT" cascade constraints;
DROP TABLE "SCHOOL_WEBSPACE"."STUDYMATERIAL" cascade constraints;
DROP TABLE "SCHOOL_WEBSPACE"."SUBJECT" cascade constraints;
DROP TABLE "SCHOOL_WEBSPACE"."TEACHERSUBJECTDIST" cascade constraints;
DROP TABLE "SCHOOL_WEBSPACE"."USERDB" cascade constraints;
DROP TABLE "SCHOOL_WEBSPACE"."USERTYPE" cascade constraints;
DROP SEQUENCE "SCHOOL_WEBSPACE"."CLASSROOM_CLASSROOMID_SEQ";
DROP SEQUENCE "SCHOOL_WEBSPACE"."CLASS_CLASSROOMID_SEQ";
DROP SEQUENCE "SCHOOL_WEBSPACE"."EXAMSTATUS_EXAM_STATUS_ID_SEQ";
DROP SEQUENCE "SCHOOL_WEBSPACE"."EXAM_EXAMID_SEQ";
DROP SEQUENCE "SCHOOL_WEBSPACE"."NEWSEVENTSDB_NEWSEVENTID_SEQ";
DROP SEQUENCE "SCHOOL_WEBSPACE"."SALARYSTATUS_SALARYSTATUSID_SE";
DROP SEQUENCE "SCHOOL_WEBSPACE"."STUDENTSUBJECTREPORT_SUBJECT_R";
DROP SEQUENCE "SCHOOL_WEBSPACE"."SUBJECT_SUBJECTID_SEQ";
DROP SEQUENCE "SCHOOL_WEBSPACE"."USERDB_USERID_SEQ";
DROP SYNONYM "PUBLIC"."DUAL";
--------------------------------------------------------
--  DDL for Table CLASS
--------------------------------------------------------

  CREATE TABLE "SCHOOL_WEBSPACE"."CLASS" 
   (	"CLASSID" VARCHAR2(3 CHAR), 
	"CLASS_CAPACITY" NUMBER(10,0), 
	"CLASS_SIZE" NUMBER(10,0), 
	"CLASSROOMID" NUMBER(10,0)
   ) SEGMENT CREATION IMMEDIATE 
  PCTFREE 10 PCTUSED 40 INITRANS 1 MAXTRANS 255 NOCOMPRESS LOGGING
  STORAGE(INITIAL 65536 NEXT 1048576 MINEXTENTS 1 MAXEXTENTS 2147483645
  PCTINCREASE 0 FREELISTS 1 FREELIST GROUPS 1 BUFFER_POOL DEFAULT FLASH_CACHE DEFAULT CELL_FLASH_CACHE DEFAULT)
  TABLESPACE "USERS" ;
--------------------------------------------------------
--  DDL for Table CLASSATTENDANCEDB
--------------------------------------------------------

  CREATE TABLE "SCHOOL_WEBSPACE"."CLASSATTENDANCEDB" 
   (	"USERID" NUMBER(10,0), 
	"CLASSID" VARCHAR2(3 CHAR), 
	"SUBJECTID" NUMBER(10,0), 
	"DATE_" DATE, 
	"ATTENDANCE_STATUS" VARCHAR2(10 CHAR)
   ) SEGMENT CREATION IMMEDIATE 
  PCTFREE 10 PCTUSED 40 INITRANS 1 MAXTRANS 255 NOCOMPRESS LOGGING
  STORAGE(INITIAL 65536 NEXT 1048576 MINEXTENTS 1 MAXEXTENTS 2147483645
  PCTINCREASE 0 FREELISTS 1 FREELIST GROUPS 1 BUFFER_POOL DEFAULT FLASH_CACHE DEFAULT CELL_FLASH_CACHE DEFAULT)
  TABLESPACE "USERS" ;

   COMMENT ON COLUMN "SCHOOL_WEBSPACE"."CLASSATTENDANCEDB"."DATE_" IS 'ORIGINAL NAME:date';
--------------------------------------------------------
--  DDL for Table CLASSROOM
--------------------------------------------------------

  CREATE TABLE "SCHOOL_WEBSPACE"."CLASSROOM" 
   (	"CLASSROOMID" NUMBER(10,0), 
	"CAPACITY" NUMBER(10,0), 
	"OCCUPANCY" VARCHAR2(20 BYTE), 
	"OCCUPIED_TILL" DATE
   ) SEGMENT CREATION IMMEDIATE 
  PCTFREE 10 PCTUSED 40 INITRANS 1 MAXTRANS 255 NOCOMPRESS LOGGING
  STORAGE(INITIAL 65536 NEXT 1048576 MINEXTENTS 1 MAXEXTENTS 2147483645
  PCTINCREASE 0 FREELISTS 1 FREELIST GROUPS 1 BUFFER_POOL DEFAULT FLASH_CACHE DEFAULT CELL_FLASH_CACHE DEFAULT)
  TABLESPACE "USERS" ;
--------------------------------------------------------
--  DDL for Table CLASSSUBJECTDIST
--------------------------------------------------------

  CREATE TABLE "SCHOOL_WEBSPACE"."CLASSSUBJECTDIST" 
   (	"CLASSID" VARCHAR2(3 CHAR), 
	"SUBJECTID" NUMBER(10,0)
   ) SEGMENT CREATION IMMEDIATE 
  PCTFREE 10 PCTUSED 40 INITRANS 1 MAXTRANS 255 NOCOMPRESS LOGGING
  STORAGE(INITIAL 65536 NEXT 1048576 MINEXTENTS 1 MAXEXTENTS 2147483645
  PCTINCREASE 0 FREELISTS 1 FREELIST GROUPS 1 BUFFER_POOL DEFAULT FLASH_CACHE DEFAULT CELL_FLASH_CACHE DEFAULT)
  TABLESPACE "USERS" ;
--------------------------------------------------------
--  DDL for Table CLASSTIMETABLE
--------------------------------------------------------

  CREATE TABLE "SCHOOL_WEBSPACE"."CLASSTIMETABLE" 
   (	"SUBJECTID" NUMBER(10,0), 
	"START_TIME" VARCHAR2(20 BYTE), 
	"END_TIME" VARCHAR2(20 BYTE)
   ) SEGMENT CREATION IMMEDIATE 
  PCTFREE 10 PCTUSED 40 INITRANS 1 MAXTRANS 255 NOCOMPRESS LOGGING
  STORAGE(INITIAL 65536 NEXT 1048576 MINEXTENTS 1 MAXEXTENTS 2147483645
  PCTINCREASE 0 FREELISTS 1 FREELIST GROUPS 1 BUFFER_POOL DEFAULT FLASH_CACHE DEFAULT CELL_FLASH_CACHE DEFAULT)
  TABLESPACE "USERS" ;
--------------------------------------------------------
--  DDL for Table EXAM
--------------------------------------------------------

  CREATE TABLE "SCHOOL_WEBSPACE"."EXAM" 
   (	"EXAMID" NUMBER(10,0), 
	"CLASSID" VARCHAR2(3 CHAR), 
	"SUBJECTID" NUMBER(10,0), 
	"EXAM_LOCATION" NUMBER(10,0), 
	"DATE_" DATE, 
	"DURATION" FLOAT(126), 
	"MARKS" NUMBER(10,0), 
	"EXAM_STATUS_ID" NUMBER(10,0), 
	"TIME" VARCHAR2(20 BYTE)
   ) SEGMENT CREATION IMMEDIATE 
  PCTFREE 10 PCTUSED 40 INITRANS 1 MAXTRANS 255 NOCOMPRESS LOGGING
  STORAGE(INITIAL 65536 NEXT 1048576 MINEXTENTS 1 MAXEXTENTS 2147483645
  PCTINCREASE 0 FREELISTS 1 FREELIST GROUPS 1 BUFFER_POOL DEFAULT FLASH_CACHE DEFAULT CELL_FLASH_CACHE DEFAULT)
  TABLESPACE "USERS" ;
--------------------------------------------------------
--  DDL for Table EXAMENROLLDB
--------------------------------------------------------

  CREATE TABLE "SCHOOL_WEBSPACE"."EXAMENROLLDB" 
   (	"USERID" NUMBER(10,0), 
	"EXAMID" NUMBER(10,0), 
	"EXAM_STATUS_ID" NUMBER(10,0)
   ) SEGMENT CREATION IMMEDIATE 
  PCTFREE 10 PCTUSED 40 INITRANS 1 MAXTRANS 255 NOCOMPRESS LOGGING
  STORAGE(INITIAL 65536 NEXT 1048576 MINEXTENTS 1 MAXEXTENTS 2147483645
  PCTINCREASE 0 FREELISTS 1 FREELIST GROUPS 1 BUFFER_POOL DEFAULT FLASH_CACHE DEFAULT CELL_FLASH_CACHE DEFAULT)
  TABLESPACE "USERS" ;
--------------------------------------------------------
--  DDL for Table EXAMHALLTICKETDB
--------------------------------------------------------

  CREATE TABLE "SCHOOL_WEBSPACE"."EXAMHALLTICKETDB" 
   (	"USERID" NUMBER(10,0), 
	"EXAMID" NUMBER(10,0), 
	"EXAM_HALLTICKET" BLOB
   ) SEGMENT CREATION IMMEDIATE 
  PCTFREE 10 PCTUSED 40 INITRANS 1 MAXTRANS 255 NOCOMPRESS LOGGING
  STORAGE(INITIAL 65536 NEXT 1048576 MINEXTENTS 1 MAXEXTENTS 2147483645
  PCTINCREASE 0 FREELISTS 1 FREELIST GROUPS 1 BUFFER_POOL DEFAULT FLASH_CACHE DEFAULT CELL_FLASH_CACHE DEFAULT)
  TABLESPACE "USERS" 
 LOB ("EXAM_HALLTICKET") STORE AS BASICFILE (
  TABLESPACE "USERS" ENABLE STORAGE IN ROW CHUNK 8192 RETENTION 
  NOCACHE LOGGING 
  STORAGE(INITIAL 65536 NEXT 1048576 MINEXTENTS 1 MAXEXTENTS 2147483645
  PCTINCREASE 0 FREELISTS 1 FREELIST GROUPS 1 BUFFER_POOL DEFAULT FLASH_CACHE DEFAULT CELL_FLASH_CACHE DEFAULT)) ;
--------------------------------------------------------
--  DDL for Table EXAMRESULTDB
--------------------------------------------------------

  CREATE TABLE "SCHOOL_WEBSPACE"."EXAMRESULTDB" 
   (	"USERID" NUMBER(10,0), 
	"EXAMID" NUMBER(10,0), 
	"STUDENT_MARKS" NUMBER(10,0), 
	"GRADE" VARCHAR2(1 CHAR), 
	"ANSWER_SHEET" BLOB
   ) SEGMENT CREATION IMMEDIATE 
  PCTFREE 10 PCTUSED 40 INITRANS 1 MAXTRANS 255 NOCOMPRESS LOGGING
  STORAGE(INITIAL 65536 NEXT 1048576 MINEXTENTS 1 MAXEXTENTS 2147483645
  PCTINCREASE 0 FREELISTS 1 FREELIST GROUPS 1 BUFFER_POOL DEFAULT FLASH_CACHE DEFAULT CELL_FLASH_CACHE DEFAULT)
  TABLESPACE "USERS" 
 LOB ("ANSWER_SHEET") STORE AS BASICFILE (
  TABLESPACE "USERS" ENABLE STORAGE IN ROW CHUNK 8192 RETENTION 
  NOCACHE LOGGING 
  STORAGE(INITIAL 65536 NEXT 1048576 MINEXTENTS 1 MAXEXTENTS 2147483645
  PCTINCREASE 0 FREELISTS 1 FREELIST GROUPS 1 BUFFER_POOL DEFAULT FLASH_CACHE DEFAULT CELL_FLASH_CACHE DEFAULT)) ;
--------------------------------------------------------
--  DDL for Table EXAMSTATUS
--------------------------------------------------------

  CREATE TABLE "SCHOOL_WEBSPACE"."EXAMSTATUS" 
   (	"EXAM_STATUS_ID" NUMBER(10,0), 
	"EXAM_STATUS_DESC" VARCHAR2(45 CHAR)
   ) SEGMENT CREATION IMMEDIATE 
  PCTFREE 10 PCTUSED 40 INITRANS 1 MAXTRANS 255 NOCOMPRESS LOGGING
  STORAGE(INITIAL 65536 NEXT 1048576 MINEXTENTS 1 MAXEXTENTS 2147483645
  PCTINCREASE 0 FREELISTS 1 FREELIST GROUPS 1 BUFFER_POOL DEFAULT FLASH_CACHE DEFAULT CELL_FLASH_CACHE DEFAULT)
  TABLESPACE "USERS" ;
--------------------------------------------------------
--  DDL for Table LOGINDB
--------------------------------------------------------

  CREATE TABLE "SCHOOL_WEBSPACE"."LOGINDB" 
   (	"USERID" NUMBER(10,0), 
	"USERTYPEID" VARCHAR2(3 CHAR), 
	"PASSWORD" VARCHAR2(20 CHAR)
   ) SEGMENT CREATION IMMEDIATE 
  PCTFREE 10 PCTUSED 40 INITRANS 1 MAXTRANS 255 NOCOMPRESS LOGGING
  STORAGE(INITIAL 65536 NEXT 1048576 MINEXTENTS 1 MAXEXTENTS 2147483645
  PCTINCREASE 0 FREELISTS 1 FREELIST GROUPS 1 BUFFER_POOL DEFAULT FLASH_CACHE DEFAULT CELL_FLASH_CACHE DEFAULT)
  TABLESPACE "USERS" ;
--------------------------------------------------------
--  DDL for Table NEWSEVENTSDB
--------------------------------------------------------

  CREATE TABLE "SCHOOL_WEBSPACE"."NEWSEVENTSDB" 
   (	"USERID" NUMBER(10,0), 
	"NEWSEVENTID" NUMBER(10,0), 
	"TITLE" VARCHAR2(130 CHAR), 
	"POST" BLOB
   ) SEGMENT CREATION IMMEDIATE 
  PCTFREE 10 PCTUSED 40 INITRANS 1 MAXTRANS 255 NOCOMPRESS LOGGING
  STORAGE(INITIAL 65536 NEXT 1048576 MINEXTENTS 1 MAXEXTENTS 2147483645
  PCTINCREASE 0 FREELISTS 1 FREELIST GROUPS 1 BUFFER_POOL DEFAULT FLASH_CACHE DEFAULT CELL_FLASH_CACHE DEFAULT)
  TABLESPACE "USERS" 
 LOB ("POST") STORE AS BASICFILE (
  TABLESPACE "USERS" ENABLE STORAGE IN ROW CHUNK 8192 RETENTION 
  NOCACHE LOGGING 
  STORAGE(INITIAL 65536 NEXT 1048576 MINEXTENTS 1 MAXEXTENTS 2147483645
  PCTINCREASE 0 FREELISTS 1 FREELIST GROUPS 1 BUFFER_POOL DEFAULT FLASH_CACHE DEFAULT CELL_FLASH_CACHE DEFAULT)) ;
--------------------------------------------------------
--  DDL for Table SALARYSTATUS
--------------------------------------------------------

  CREATE TABLE "SCHOOL_WEBSPACE"."SALARYSTATUS" 
   (	"SALARYSTATUSID" NUMBER(10,0), 
	"SALARY_STATUS_DESC" VARCHAR2(20 CHAR)
   ) SEGMENT CREATION IMMEDIATE 
  PCTFREE 10 PCTUSED 40 INITRANS 1 MAXTRANS 255 NOCOMPRESS LOGGING
  STORAGE(INITIAL 65536 NEXT 1048576 MINEXTENTS 1 MAXEXTENTS 2147483645
  PCTINCREASE 0 FREELISTS 1 FREELIST GROUPS 1 BUFFER_POOL DEFAULT FLASH_CACHE DEFAULT CELL_FLASH_CACHE DEFAULT)
  TABLESPACE "USERS" ;
--------------------------------------------------------
--  DDL for Table STAFFACCOUNTSDB
--------------------------------------------------------

  CREATE TABLE "SCHOOL_WEBSPACE"."STAFFACCOUNTSDB" 
   (	"USERID" NUMBER(10,0), 
	"IN_HAND_SALARY" NUMBER(10,0), 
	"ALLOWANCE" NUMBER(10,0), 
	"TOTAL_SALARY" NUMBER(10,0), 
	"LAST_SALARY_PAYMENT_DATE" DATE, 
	"SALARYSTATUSID" NUMBER(10,0), 
	"DATE_OF_JOINING" DATE, 
	"CONTRACT_END_DATE" DATE
   ) SEGMENT CREATION IMMEDIATE 
  PCTFREE 10 PCTUSED 40 INITRANS 1 MAXTRANS 255 NOCOMPRESS LOGGING
  STORAGE(INITIAL 65536 NEXT 1048576 MINEXTENTS 1 MAXEXTENTS 2147483645
  PCTINCREASE 0 FREELISTS 1 FREELIST GROUPS 1 BUFFER_POOL DEFAULT FLASH_CACHE DEFAULT CELL_FLASH_CACHE DEFAULT)
  TABLESPACE "USERS" ;
--------------------------------------------------------
--  DDL for Table STAFFINFODB
--------------------------------------------------------

  CREATE TABLE "SCHOOL_WEBSPACE"."STAFFINFODB" 
   (	"USERID" NUMBER(10,0), 
	"USERTYPEID" VARCHAR2(3 CHAR), 
	"DESIGNATION" VARCHAR2(45 CHAR), 
	"HIGHEST_QUALIFICATION" VARCHAR2(45 CHAR), 
	"QUALIFICATION_DOCUMENTS" BLOB
   ) SEGMENT CREATION IMMEDIATE 
  PCTFREE 10 PCTUSED 40 INITRANS 1 MAXTRANS 255 NOCOMPRESS LOGGING
  STORAGE(INITIAL 65536 NEXT 1048576 MINEXTENTS 1 MAXEXTENTS 2147483645
  PCTINCREASE 0 FREELISTS 1 FREELIST GROUPS 1 BUFFER_POOL DEFAULT FLASH_CACHE DEFAULT CELL_FLASH_CACHE DEFAULT)
  TABLESPACE "USERS" 
 LOB ("QUALIFICATION_DOCUMENTS") STORE AS BASICFILE (
  TABLESPACE "USERS" ENABLE STORAGE IN ROW CHUNK 8192 RETENTION 
  NOCACHE LOGGING 
  STORAGE(INITIAL 65536 NEXT 1048576 MINEXTENTS 1 MAXEXTENTS 2147483645
  PCTINCREASE 0 FREELISTS 1 FREELIST GROUPS 1 BUFFER_POOL DEFAULT FLASH_CACHE DEFAULT CELL_FLASH_CACHE DEFAULT)) ;
--------------------------------------------------------
--  DDL for Table STUDENTACCOUNTSDB
--------------------------------------------------------

  CREATE TABLE "SCHOOL_WEBSPACE"."STUDENTACCOUNTSDB" 
   (	"USERID" NUMBER(10,0), 
	"CLASSID" VARCHAR2(3 CHAR), 
	"PAID_FEES" NUMBER(*,0), 
	"OUTSTANDING_FEES" NUMBER(*,0), 
	"LAST_PAYMENT_DATE" DATE, 
	"DUE_DATE" DATE, 
	"TOTAL_FEES" NUMBER(*,0)
   ) SEGMENT CREATION IMMEDIATE 
  PCTFREE 10 PCTUSED 40 INITRANS 1 MAXTRANS 255 NOCOMPRESS LOGGING
  STORAGE(INITIAL 65536 NEXT 1048576 MINEXTENTS 1 MAXEXTENTS 2147483645
  PCTINCREASE 0 FREELISTS 1 FREELIST GROUPS 1 BUFFER_POOL DEFAULT FLASH_CACHE DEFAULT CELL_FLASH_CACHE DEFAULT)
  TABLESPACE "USERS" ;
--------------------------------------------------------
--  DDL for Table STUDENTINFODB
--------------------------------------------------------

  CREATE TABLE "SCHOOL_WEBSPACE"."STUDENTINFODB" 
   (	"USERID" NUMBER(10,0), 
	"CLASSID" VARCHAR2(3 CHAR), 
	"TOTAL_SUBJECTS" NUMBER(10,0)
   ) SEGMENT CREATION IMMEDIATE 
  PCTFREE 10 PCTUSED 40 INITRANS 1 MAXTRANS 255 NOCOMPRESS LOGGING
  STORAGE(INITIAL 65536 NEXT 1048576 MINEXTENTS 1 MAXEXTENTS 2147483645
  PCTINCREASE 0 FREELISTS 1 FREELIST GROUPS 1 BUFFER_POOL DEFAULT FLASH_CACHE DEFAULT CELL_FLASH_CACHE DEFAULT)
  TABLESPACE "USERS" ;
--------------------------------------------------------
--  DDL for Table STUDENTSUBJECTDIST
--------------------------------------------------------

  CREATE TABLE "SCHOOL_WEBSPACE"."STUDENTSUBJECTDIST" 
   (	"USERID" NUMBER(10,0), 
	"SUBJECTID" NUMBER(10,0), 
	"CLASSID" VARCHAR2(3 CHAR), 
	"SUBJECT_REPORT" NUMBER(10,0)
   ) SEGMENT CREATION IMMEDIATE 
  PCTFREE 10 PCTUSED 40 INITRANS 1 MAXTRANS 255 NOCOMPRESS LOGGING
  STORAGE(INITIAL 65536 NEXT 1048576 MINEXTENTS 1 MAXEXTENTS 2147483645
  PCTINCREASE 0 FREELISTS 1 FREELIST GROUPS 1 BUFFER_POOL DEFAULT FLASH_CACHE DEFAULT CELL_FLASH_CACHE DEFAULT)
  TABLESPACE "USERS" ;
--------------------------------------------------------
--  DDL for Table STUDENTSUBJECTREPORT
--------------------------------------------------------

  CREATE TABLE "SCHOOL_WEBSPACE"."STUDENTSUBJECTREPORT" 
   (	"SUBJECT_REPORT" NUMBER(10,0), 
	"SUBJECT_REPORT_DESC" VARCHAR2(20 CHAR)
   ) SEGMENT CREATION IMMEDIATE 
  PCTFREE 10 PCTUSED 40 INITRANS 1 MAXTRANS 255 NOCOMPRESS LOGGING
  STORAGE(INITIAL 65536 NEXT 1048576 MINEXTENTS 1 MAXEXTENTS 2147483645
  PCTINCREASE 0 FREELISTS 1 FREELIST GROUPS 1 BUFFER_POOL DEFAULT FLASH_CACHE DEFAULT CELL_FLASH_CACHE DEFAULT)
  TABLESPACE "USERS" ;
--------------------------------------------------------
--  DDL for Table STUDYMATERIAL
--------------------------------------------------------

  CREATE TABLE "SCHOOL_WEBSPACE"."STUDYMATERIAL" 
   (	"USERID" NUMBER(10,0), 
	"FILENAME" VARCHAR2(100 CHAR), 
	"FILE_" BLOB, 
	"SIZE_" FLOAT(126), 
	"UPLOAD_DATE_TIME" DATE, 
	"TOTAL_DOWNLOADS" NUMBER(10,0)
   ) SEGMENT CREATION IMMEDIATE 
  PCTFREE 10 PCTUSED 40 INITRANS 1 MAXTRANS 255 NOCOMPRESS LOGGING
  STORAGE(INITIAL 65536 NEXT 1048576 MINEXTENTS 1 MAXEXTENTS 2147483645
  PCTINCREASE 0 FREELISTS 1 FREELIST GROUPS 1 BUFFER_POOL DEFAULT FLASH_CACHE DEFAULT CELL_FLASH_CACHE DEFAULT)
  TABLESPACE "USERS" 
 LOB ("FILE_") STORE AS BASICFILE (
  TABLESPACE "USERS" ENABLE STORAGE IN ROW CHUNK 8192 RETENTION 
  NOCACHE LOGGING 
  STORAGE(INITIAL 65536 NEXT 1048576 MINEXTENTS 1 MAXEXTENTS 2147483645
  PCTINCREASE 0 FREELISTS 1 FREELIST GROUPS 1 BUFFER_POOL DEFAULT FLASH_CACHE DEFAULT CELL_FLASH_CACHE DEFAULT)) ;

   COMMENT ON COLUMN "SCHOOL_WEBSPACE"."STUDYMATERIAL"."FILE_" IS 'ORIGINAL NAME:file';
   COMMENT ON COLUMN "SCHOOL_WEBSPACE"."STUDYMATERIAL"."SIZE_" IS 'ORIGINAL NAME:size';
--------------------------------------------------------
--  DDL for Table SUBJECT
--------------------------------------------------------

  CREATE TABLE "SCHOOL_WEBSPACE"."SUBJECT" 
   (	"SUBJECTID" NUMBER(10,0), 
	"SUBJECT_NAME" VARCHAR2(50 CHAR)
   ) SEGMENT CREATION IMMEDIATE 
  PCTFREE 10 PCTUSED 40 INITRANS 1 MAXTRANS 255 NOCOMPRESS LOGGING
  STORAGE(INITIAL 65536 NEXT 1048576 MINEXTENTS 1 MAXEXTENTS 2147483645
  PCTINCREASE 0 FREELISTS 1 FREELIST GROUPS 1 BUFFER_POOL DEFAULT FLASH_CACHE DEFAULT CELL_FLASH_CACHE DEFAULT)
  TABLESPACE "USERS" ;
--------------------------------------------------------
--  DDL for Table TEACHERSUBJECTDIST
--------------------------------------------------------

  CREATE TABLE "SCHOOL_WEBSPACE"."TEACHERSUBJECTDIST" 
   (	"USERID" NUMBER(10,0), 
	"CLASSID" VARCHAR2(3 CHAR), 
	"SUBJECTID" NUMBER(10,0)
   ) SEGMENT CREATION IMMEDIATE 
  PCTFREE 10 PCTUSED 40 INITRANS 1 MAXTRANS 255 NOCOMPRESS LOGGING
  STORAGE(INITIAL 65536 NEXT 1048576 MINEXTENTS 1 MAXEXTENTS 2147483645
  PCTINCREASE 0 FREELISTS 1 FREELIST GROUPS 1 BUFFER_POOL DEFAULT FLASH_CACHE DEFAULT CELL_FLASH_CACHE DEFAULT)
  TABLESPACE "USERS" ;
--------------------------------------------------------
--  DDL for Table USERDB
--------------------------------------------------------

  CREATE TABLE "SCHOOL_WEBSPACE"."USERDB" 
   (	"USERID" NUMBER(10,0), 
	"FNAME" VARCHAR2(45 CHAR), 
	"LNAME" VARCHAR2(45 CHAR), 
	"ADDRESS" VARCHAR2(140 CHAR), 
	"PHONE" NUMBER(10,0), 
	"ALT_PHONE" NUMBER(10,0), 
	"EMAIL_ID" VARCHAR2(45 CHAR), 
	"PHOTO" BLOB, 
	"ID_PROOF" BLOB
   ) SEGMENT CREATION IMMEDIATE 
  PCTFREE 10 PCTUSED 40 INITRANS 1 MAXTRANS 255 NOCOMPRESS LOGGING
  STORAGE(INITIAL 65536 NEXT 1048576 MINEXTENTS 1 MAXEXTENTS 2147483645
  PCTINCREASE 0 FREELISTS 1 FREELIST GROUPS 1 BUFFER_POOL DEFAULT FLASH_CACHE DEFAULT CELL_FLASH_CACHE DEFAULT)
  TABLESPACE "USERS" 
 LOB ("PHOTO") STORE AS BASICFILE (
  TABLESPACE "USERS" ENABLE STORAGE IN ROW CHUNK 8192 RETENTION 
  NOCACHE LOGGING 
  STORAGE(INITIAL 65536 NEXT 1048576 MINEXTENTS 1 MAXEXTENTS 2147483645
  PCTINCREASE 0 FREELISTS 1 FREELIST GROUPS 1 BUFFER_POOL DEFAULT FLASH_CACHE DEFAULT CELL_FLASH_CACHE DEFAULT)) 
 LOB ("ID_PROOF") STORE AS BASICFILE (
  TABLESPACE "USERS" ENABLE STORAGE IN ROW CHUNK 8192 RETENTION 
  NOCACHE LOGGING 
  STORAGE(INITIAL 65536 NEXT 1048576 MINEXTENTS 1 MAXEXTENTS 2147483645
  PCTINCREASE 0 FREELISTS 1 FREELIST GROUPS 1 BUFFER_POOL DEFAULT FLASH_CACHE DEFAULT CELL_FLASH_CACHE DEFAULT)) ;
--------------------------------------------------------
--  DDL for Table USERTYPE
--------------------------------------------------------

  CREATE TABLE "SCHOOL_WEBSPACE"."USERTYPE" 
   (	"USERTYPEID" VARCHAR2(3 CHAR), 
	"USERTYPE_NAME" VARCHAR2(50 CHAR)
   ) SEGMENT CREATION IMMEDIATE 
  PCTFREE 10 PCTUSED 40 INITRANS 1 MAXTRANS 255 NOCOMPRESS LOGGING
  STORAGE(INITIAL 65536 NEXT 1048576 MINEXTENTS 1 MAXEXTENTS 2147483645
  PCTINCREASE 0 FREELISTS 1 FREELIST GROUPS 1 BUFFER_POOL DEFAULT FLASH_CACHE DEFAULT CELL_FLASH_CACHE DEFAULT)
  TABLESPACE "USERS" ;
--------------------------------------------------------
--  DDL for Sequence CLASSROOM_CLASSROOMID_SEQ
--------------------------------------------------------

   CREATE SEQUENCE  "SCHOOL_WEBSPACE"."CLASSROOM_CLASSROOMID_SEQ"  MINVALUE 1 MAXVALUE 999999999999999999999999 INCREMENT BY 1 START WITH 1 CACHE 20 NOORDER  NOCYCLE ;
--------------------------------------------------------
--  DDL for Sequence CLASS_CLASSROOMID_SEQ
--------------------------------------------------------

   CREATE SEQUENCE  "SCHOOL_WEBSPACE"."CLASS_CLASSROOMID_SEQ"  MINVALUE 1 MAXVALUE 999999999999999999999999 INCREMENT BY 1 START WITH 1 CACHE 20 NOORDER  NOCYCLE ;
--------------------------------------------------------
--  DDL for Sequence EXAMSTATUS_EXAM_STATUS_ID_SEQ
--------------------------------------------------------

   CREATE SEQUENCE  "SCHOOL_WEBSPACE"."EXAMSTATUS_EXAM_STATUS_ID_SEQ"  MINVALUE 1 MAXVALUE 999999999999999999999999 INCREMENT BY 1 START WITH 1 CACHE 20 NOORDER  NOCYCLE ;
--------------------------------------------------------
--  DDL for Sequence EXAM_EXAMID_SEQ
--------------------------------------------------------

   CREATE SEQUENCE  "SCHOOL_WEBSPACE"."EXAM_EXAMID_SEQ"  MINVALUE 1 MAXVALUE 999999999999999999999999 INCREMENT BY 1 START WITH 21 CACHE 20 NOORDER  NOCYCLE ;
--------------------------------------------------------
--  DDL for Sequence NEWSEVENTSDB_NEWSEVENTID_SEQ
--------------------------------------------------------

   CREATE SEQUENCE  "SCHOOL_WEBSPACE"."NEWSEVENTSDB_NEWSEVENTID_SEQ"  MINVALUE 1 MAXVALUE 999999999999999999999999 INCREMENT BY 1 START WITH 1 CACHE 20 NOORDER  NOCYCLE ;
--------------------------------------------------------
--  DDL for Sequence SALARYSTATUS_SALARYSTATUSID_SE
--------------------------------------------------------

   CREATE SEQUENCE  "SCHOOL_WEBSPACE"."SALARYSTATUS_SALARYSTATUSID_SE"  MINVALUE 1 MAXVALUE 999999999999999999999999 INCREMENT BY 1 START WITH 1 CACHE 20 NOORDER  NOCYCLE ;
--------------------------------------------------------
--  DDL for Sequence STUDENTSUBJECTREPORT_SUBJECT_R
--------------------------------------------------------

   CREATE SEQUENCE  "SCHOOL_WEBSPACE"."STUDENTSUBJECTREPORT_SUBJECT_R"  MINVALUE 1 MAXVALUE 999999999999999999999999 INCREMENT BY 1 START WITH 1 CACHE 20 NOORDER  NOCYCLE ;
--------------------------------------------------------
--  DDL for Sequence SUBJECT_SUBJECTID_SEQ
--------------------------------------------------------

   CREATE SEQUENCE  "SCHOOL_WEBSPACE"."SUBJECT_SUBJECTID_SEQ"  MINVALUE 1 MAXVALUE 999999999999999999999999 INCREMENT BY 1 START WITH 1 CACHE 20 NOORDER  NOCYCLE ;
--------------------------------------------------------
--  DDL for Sequence USERDB_USERID_SEQ
--------------------------------------------------------

   CREATE SEQUENCE  "SCHOOL_WEBSPACE"."USERDB_USERID_SEQ"  MINVALUE 1 MAXVALUE 999999999999999999999999 INCREMENT BY 1 START WITH 21 CACHE 20 NOORDER  NOCYCLE ;
REM INSERTING into SCHOOL_WEBSPACE.CLASS
SET DEFINE OFF;
Insert into SCHOOL_WEBSPACE.CLASS (CLASSID,CLASS_CAPACITY,CLASS_SIZE,CLASSROOMID) values ('2A',100,4,3);
Insert into SCHOOL_WEBSPACE.CLASS (CLASSID,CLASS_CAPACITY,CLASS_SIZE,CLASSROOMID) values ('2B',99,0,4);
Insert into SCHOOL_WEBSPACE.CLASS (CLASSID,CLASS_CAPACITY,CLASS_SIZE,CLASSROOMID) values ('1B',99,0,4);
Insert into SCHOOL_WEBSPACE.CLASS (CLASSID,CLASS_CAPACITY,CLASS_SIZE,CLASSROOMID) values ('1A',100,40,2);
REM INSERTING into SCHOOL_WEBSPACE.CLASSATTENDANCEDB
SET DEFINE OFF;
Insert into SCHOOL_WEBSPACE.CLASSATTENDANCEDB (USERID,CLASSID,SUBJECTID,DATE_,ATTENDANCE_STATUS) values (1,'1A',2,to_date('22-JAN-18','DD-MON-RR'),'PRESENT');
Insert into SCHOOL_WEBSPACE.CLASSATTENDANCEDB (USERID,CLASSID,SUBJECTID,DATE_,ATTENDANCE_STATUS) values (4,'1A',1,to_date('21-JAN-18','DD-MON-RR'),'PRESENT');
Insert into SCHOOL_WEBSPACE.CLASSATTENDANCEDB (USERID,CLASSID,SUBJECTID,DATE_,ATTENDANCE_STATUS) values (1,'1A',1,to_date('21-JAN-18','DD-MON-RR'),'PRESENT');
Insert into SCHOOL_WEBSPACE.CLASSATTENDANCEDB (USERID,CLASSID,SUBJECTID,DATE_,ATTENDANCE_STATUS) values (1,'1A',1,to_date('22-JAN-18','DD-MON-RR'),'PRESENT');
Insert into SCHOOL_WEBSPACE.CLASSATTENDANCEDB (USERID,CLASSID,SUBJECTID,DATE_,ATTENDANCE_STATUS) values (4,'1A',1,to_date('01-JAN-18','DD-MON-RR'),'PRESENT');
Insert into SCHOOL_WEBSPACE.CLASSATTENDANCEDB (USERID,CLASSID,SUBJECTID,DATE_,ATTENDANCE_STATUS) values (1,'1A',2,to_date('31-JAN-18','DD-MON-RR'),'PRESENT');
Insert into SCHOOL_WEBSPACE.CLASSATTENDANCEDB (USERID,CLASSID,SUBJECTID,DATE_,ATTENDANCE_STATUS) values (1,'1A',1,to_date('27-FEB-18','DD-MON-RR'),'PRESENT');
Insert into SCHOOL_WEBSPACE.CLASSATTENDANCEDB (USERID,CLASSID,SUBJECTID,DATE_,ATTENDANCE_STATUS) values (4,'1A',1,to_date('27-FEB-18','DD-MON-RR'),'PRESENT');
Insert into SCHOOL_WEBSPACE.CLASSATTENDANCEDB (USERID,CLASSID,SUBJECTID,DATE_,ATTENDANCE_STATUS) values (23,'1A',1,to_date('27-FEB-18','DD-MON-RR'),'PRESENT');
Insert into SCHOOL_WEBSPACE.CLASSATTENDANCEDB (USERID,CLASSID,SUBJECTID,DATE_,ATTENDANCE_STATUS) values (44,'1A',1,to_date('27-FEB-18','DD-MON-RR'),'PRESENT');
REM INSERTING into SCHOOL_WEBSPACE.CLASSROOM
SET DEFINE OFF;
Insert into SCHOOL_WEBSPACE.CLASSROOM (CLASSROOMID,CAPACITY,OCCUPANCY,OCCUPIED_TILL) values (2,100,'OCCUPIED',null);
Insert into SCHOOL_WEBSPACE.CLASSROOM (CLASSROOMID,CAPACITY,OCCUPANCY,OCCUPIED_TILL) values (3,100,'OCCUPIED',null);
Insert into SCHOOL_WEBSPACE.CLASSROOM (CLASSROOMID,CAPACITY,OCCUPANCY,OCCUPIED_TILL) values (1,100,'Occupied',null);
Insert into SCHOOL_WEBSPACE.CLASSROOM (CLASSROOMID,CAPACITY,OCCUPANCY,OCCUPIED_TILL) values (4,54,'OCCUPIED',to_date('08-MAR-18','DD-MON-RR'));
Insert into SCHOOL_WEBSPACE.CLASSROOM (CLASSROOMID,CAPACITY,OCCUPANCY,OCCUPIED_TILL) values (5,99,'Unoccupied',null);
Insert into SCHOOL_WEBSPACE.CLASSROOM (CLASSROOMID,CAPACITY,OCCUPANCY,OCCUPIED_TILL) values (6,99,'Unoccupied',null);
REM INSERTING into SCHOOL_WEBSPACE.CLASSSUBJECTDIST
SET DEFINE OFF;
Insert into SCHOOL_WEBSPACE.CLASSSUBJECTDIST (CLASSID,SUBJECTID) values ('1A',1);
Insert into SCHOOL_WEBSPACE.CLASSSUBJECTDIST (CLASSID,SUBJECTID) values ('1A',2);
Insert into SCHOOL_WEBSPACE.CLASSSUBJECTDIST (CLASSID,SUBJECTID) values ('1A',4);
Insert into SCHOOL_WEBSPACE.CLASSSUBJECTDIST (CLASSID,SUBJECTID) values ('1A',5);
Insert into SCHOOL_WEBSPACE.CLASSSUBJECTDIST (CLASSID,SUBJECTID) values ('1A',6);
Insert into SCHOOL_WEBSPACE.CLASSSUBJECTDIST (CLASSID,SUBJECTID) values ('1A',7);
REM INSERTING into SCHOOL_WEBSPACE.CLASSTIMETABLE
SET DEFINE OFF;
Insert into SCHOOL_WEBSPACE.CLASSTIMETABLE (SUBJECTID,START_TIME,END_TIME) values (1,'07:00','07:30');
Insert into SCHOOL_WEBSPACE.CLASSTIMETABLE (SUBJECTID,START_TIME,END_TIME) values (2,'07:30','08:00');
Insert into SCHOOL_WEBSPACE.CLASSTIMETABLE (SUBJECTID,START_TIME,END_TIME) values (4,'08:00','08:30');
Insert into SCHOOL_WEBSPACE.CLASSTIMETABLE (SUBJECTID,START_TIME,END_TIME) values (5,'08:30','09:00');
Insert into SCHOOL_WEBSPACE.CLASSTIMETABLE (SUBJECTID,START_TIME,END_TIME) values (6,'09:30','10:00');
Insert into SCHOOL_WEBSPACE.CLASSTIMETABLE (SUBJECTID,START_TIME,END_TIME) values (7,'10:00','10:30');
REM INSERTING into SCHOOL_WEBSPACE.EXAM
SET DEFINE OFF;
Insert into SCHOOL_WEBSPACE.EXAM (EXAMID,CLASSID,SUBJECTID,EXAM_LOCATION,DATE_,DURATION,MARKS,EXAM_STATUS_ID,TIME) values (2,'1A',1,6,to_date('09-SEP-18','DD-MON-RR'),3,150,1,'09:00:00 AM');
Insert into SCHOOL_WEBSPACE.EXAM (EXAMID,CLASSID,SUBJECTID,EXAM_LOCATION,DATE_,DURATION,MARKS,EXAM_STATUS_ID,TIME) values (1,'1A',1,5,to_date('09-SEP-18','DD-MON-RR'),3.1,100,1,'09:30:00 AM');
REM INSERTING into SCHOOL_WEBSPACE.EXAMENROLLDB
SET DEFINE OFF;
REM INSERTING into SCHOOL_WEBSPACE.EXAMHALLTICKETDB
SET DEFINE OFF;
REM INSERTING into SCHOOL_WEBSPACE.EXAMRESULTDB
SET DEFINE OFF;
REM INSERTING into SCHOOL_WEBSPACE.EXAMSTATUS
SET DEFINE OFF;
Insert into SCHOOL_WEBSPACE.EXAMSTATUS (EXAM_STATUS_ID,EXAM_STATUS_DESC) values (1,'ACTIVE');
Insert into SCHOOL_WEBSPACE.EXAMSTATUS (EXAM_STATUS_ID,EXAM_STATUS_DESC) values (2,'INACTIVE');
Insert into SCHOOL_WEBSPACE.EXAMSTATUS (EXAM_STATUS_ID,EXAM_STATUS_DESC) values (3,'PASSED');
Insert into SCHOOL_WEBSPACE.EXAMSTATUS (EXAM_STATUS_ID,EXAM_STATUS_DESC) values (4,'AWAITING RESULT');
Insert into SCHOOL_WEBSPACE.EXAMSTATUS (EXAM_STATUS_ID,EXAM_STATUS_DESC) values (5,'FAILED');
REM INSERTING into SCHOOL_WEBSPACE.LOGINDB
SET DEFINE OFF;
Insert into SCHOOL_WEBSPACE.LOGINDB (USERID,USERTYPEID,PASSWORD) values (5,'S','fas');
Insert into SCHOOL_WEBSPACE.LOGINDB (USERID,USERTYPEID,PASSWORD) values (6,'S','fdsa');
Insert into SCHOOL_WEBSPACE.LOGINDB (USERID,USERTYPEID,PASSWORD) values (7,'S','[]');
Insert into SCHOOL_WEBSPACE.LOGINDB (USERID,USERTYPEID,PASSWORD) values (9,'S','[a, b, c]');
Insert into SCHOOL_WEBSPACE.LOGINDB (USERID,USERTYPEID,PASSWORD) values (14,'S','[d, f, s, a]');
Insert into SCHOOL_WEBSPACE.LOGINDB (USERID,USERTYPEID,PASSWORD) values (15,'S','[f, d, s, a]');
Insert into SCHOOL_WEBSPACE.LOGINDB (USERID,USERTYPEID,PASSWORD) values (20,'S','[1, 2, 3]');
Insert into SCHOOL_WEBSPACE.LOGINDB (USERID,USERTYPEID,PASSWORD) values (21,'S','[1, 2, 3]');
Insert into SCHOOL_WEBSPACE.LOGINDB (USERID,USERTYPEID,PASSWORD) values (22,'S','[1, 2, 3]');
Insert into SCHOOL_WEBSPACE.LOGINDB (USERID,USERTYPEID,PASSWORD) values (23,'S','[1, 2, 3]');
Insert into SCHOOL_WEBSPACE.LOGINDB (USERID,USERTYPEID,PASSWORD) values (24,'S','[1, 2, 3]');
Insert into SCHOOL_WEBSPACE.LOGINDB (USERID,USERTYPEID,PASSWORD) values (25,'S','[1, 2, 3]');
Insert into SCHOOL_WEBSPACE.LOGINDB (USERID,USERTYPEID,PASSWORD) values (26,'S','[1, 2, 3]');
Insert into SCHOOL_WEBSPACE.LOGINDB (USERID,USERTYPEID,PASSWORD) values (27,'S','[1, 2, 3]');
Insert into SCHOOL_WEBSPACE.LOGINDB (USERID,USERTYPEID,PASSWORD) values (28,'S','[1, 2, 3]');
Insert into SCHOOL_WEBSPACE.LOGINDB (USERID,USERTYPEID,PASSWORD) values (29,'S','[1, 2, 3]');
Insert into SCHOOL_WEBSPACE.LOGINDB (USERID,USERTYPEID,PASSWORD) values (42,'T','[C@1ed05993');
Insert into SCHOOL_WEBSPACE.LOGINDB (USERID,USERTYPEID,PASSWORD) values (18,'S','[d, f, a, s]');
Insert into SCHOOL_WEBSPACE.LOGINDB (USERID,USERTYPEID,PASSWORD) values (1,'S','1');
Insert into SCHOOL_WEBSPACE.LOGINDB (USERID,USERTYPEID,PASSWORD) values (13,'S','[a, b, c]');
Insert into SCHOOL_WEBSPACE.LOGINDB (USERID,USERTYPEID,PASSWORD) values (16,'S','[F, D, S, A]');
Insert into SCHOOL_WEBSPACE.LOGINDB (USERID,USERTYPEID,PASSWORD) values (17,'S','[d, f, s, a]');
Insert into SCHOOL_WEBSPACE.LOGINDB (USERID,USERTYPEID,PASSWORD) values (19,'S','[f, d, s, a]');
Insert into SCHOOL_WEBSPACE.LOGINDB (USERID,USERTYPEID,PASSWORD) values (30,'T','[C@57265b68');
Insert into SCHOOL_WEBSPACE.LOGINDB (USERID,USERTYPEID,PASSWORD) values (31,'T','[C@27522069');
Insert into SCHOOL_WEBSPACE.LOGINDB (USERID,USERTYPEID,PASSWORD) values (32,'T','[C@1ed05993');
Insert into SCHOOL_WEBSPACE.LOGINDB (USERID,USERTYPEID,PASSWORD) values (33,'T','[C@7dd208de');
Insert into SCHOOL_WEBSPACE.LOGINDB (USERID,USERTYPEID,PASSWORD) values (34,'T','[C@61b77f1e');
Insert into SCHOOL_WEBSPACE.LOGINDB (USERID,USERTYPEID,PASSWORD) values (36,'T','[C@429b019d');
Insert into SCHOOL_WEBSPACE.LOGINDB (USERID,USERTYPEID,PASSWORD) values (37,'T','[C@7fcde03c');
Insert into SCHOOL_WEBSPACE.LOGINDB (USERID,USERTYPEID,PASSWORD) values (39,'T','[C@46393aca');
Insert into SCHOOL_WEBSPACE.LOGINDB (USERID,USERTYPEID,PASSWORD) values (43,'T','[C@6a9bf523');
Insert into SCHOOL_WEBSPACE.LOGINDB (USERID,USERTYPEID,PASSWORD) values (44,'T','[1]');
Insert into SCHOOL_WEBSPACE.LOGINDB (USERID,USERTYPEID,PASSWORD) values (45,'T','[C@3b377869');
Insert into SCHOOL_WEBSPACE.LOGINDB (USERID,USERTYPEID,PASSWORD) values (46,'T','[C@5363e3c');
Insert into SCHOOL_WEBSPACE.LOGINDB (USERID,USERTYPEID,PASSWORD) values (47,'T','[C@6db513b');
Insert into SCHOOL_WEBSPACE.LOGINDB (USERID,USERTYPEID,PASSWORD) values (48,'T','[C@51697b39');
Insert into SCHOOL_WEBSPACE.LOGINDB (USERID,USERTYPEID,PASSWORD) values (8,'S','[a, b, c]');
Insert into SCHOOL_WEBSPACE.LOGINDB (USERID,USERTYPEID,PASSWORD) values (10,'S','[a, b, c]');
Insert into SCHOOL_WEBSPACE.LOGINDB (USERID,USERTYPEID,PASSWORD) values (11,'S','[a, b, c]');
Insert into SCHOOL_WEBSPACE.LOGINDB (USERID,USERTYPEID,PASSWORD) values (12,'S','[a, b, c]');
Insert into SCHOOL_WEBSPACE.LOGINDB (USERID,USERTYPEID,PASSWORD) values (40,'T','[C@704348e2');
Insert into SCHOOL_WEBSPACE.LOGINDB (USERID,USERTYPEID,PASSWORD) values (41,'T','[C@1a34a22a');
Insert into SCHOOL_WEBSPACE.LOGINDB (USERID,USERTYPEID,PASSWORD) values (35,'T','[C@3a5f2daa');
Insert into SCHOOL_WEBSPACE.LOGINDB (USERID,USERTYPEID,PASSWORD) values (38,'T','[C@20957');
REM INSERTING into SCHOOL_WEBSPACE.NEWSEVENTSDB
SET DEFINE OFF;
REM INSERTING into SCHOOL_WEBSPACE.SALARYSTATUS
SET DEFINE OFF;
Insert into SCHOOL_WEBSPACE.SALARYSTATUS (SALARYSTATUSID,SALARY_STATUS_DESC) values (1,'unpaid');
REM INSERTING into SCHOOL_WEBSPACE.STAFFACCOUNTSDB
SET DEFINE OFF;
Insert into SCHOOL_WEBSPACE.STAFFACCOUNTSDB (USERID,IN_HAND_SALARY,ALLOWANCE,TOTAL_SALARY,LAST_SALARY_PAYMENT_DATE,SALARYSTATUSID,DATE_OF_JOINING,CONTRACT_END_DATE) values (31,0,0,0,to_date('07-JUL-17','DD-MON-RR'),1,to_date('07-JUL-17','DD-MON-RR'),to_date('07-JUL-17','DD-MON-RR'));
Insert into SCHOOL_WEBSPACE.STAFFACCOUNTSDB (USERID,IN_HAND_SALARY,ALLOWANCE,TOTAL_SALARY,LAST_SALARY_PAYMENT_DATE,SALARYSTATUSID,DATE_OF_JOINING,CONTRACT_END_DATE) values (42,0,0,0,null,1,to_date('16-AUG-18','DD-MON-RR'),to_date('16-FEB-18','DD-MON-RR'));
Insert into SCHOOL_WEBSPACE.STAFFACCOUNTSDB (USERID,IN_HAND_SALARY,ALLOWANCE,TOTAL_SALARY,LAST_SALARY_PAYMENT_DATE,SALARYSTATUSID,DATE_OF_JOINING,CONTRACT_END_DATE) values (33,0,0,0,null,1,to_date('16-AUG-18','DD-MON-RR'),to_date('16-FEB-18','DD-MON-RR'));
Insert into SCHOOL_WEBSPACE.STAFFACCOUNTSDB (USERID,IN_HAND_SALARY,ALLOWANCE,TOTAL_SALARY,LAST_SALARY_PAYMENT_DATE,SALARYSTATUSID,DATE_OF_JOINING,CONTRACT_END_DATE) values (34,0,0,0,null,1,to_date('16-AUG-18','DD-MON-RR'),to_date('16-FEB-18','DD-MON-RR'));
Insert into SCHOOL_WEBSPACE.STAFFACCOUNTSDB (USERID,IN_HAND_SALARY,ALLOWANCE,TOTAL_SALARY,LAST_SALARY_PAYMENT_DATE,SALARYSTATUSID,DATE_OF_JOINING,CONTRACT_END_DATE) values (36,0,0,0,null,1,to_date('16-AUG-19','DD-MON-RR'),to_date('16-FEB-18','DD-MON-RR'));
Insert into SCHOOL_WEBSPACE.STAFFACCOUNTSDB (USERID,IN_HAND_SALARY,ALLOWANCE,TOTAL_SALARY,LAST_SALARY_PAYMENT_DATE,SALARYSTATUSID,DATE_OF_JOINING,CONTRACT_END_DATE) values (37,0,0,0,null,1,to_date('16-AUG-19','DD-MON-RR'),to_date('16-FEB-18','DD-MON-RR'));
Insert into SCHOOL_WEBSPACE.STAFFACCOUNTSDB (USERID,IN_HAND_SALARY,ALLOWANCE,TOTAL_SALARY,LAST_SALARY_PAYMENT_DATE,SALARYSTATUSID,DATE_OF_JOINING,CONTRACT_END_DATE) values (39,0,0,0,null,1,to_date('16-AUG-18','DD-MON-RR'),to_date('16-FEB-18','DD-MON-RR'));
Insert into SCHOOL_WEBSPACE.STAFFACCOUNTSDB (USERID,IN_HAND_SALARY,ALLOWANCE,TOTAL_SALARY,LAST_SALARY_PAYMENT_DATE,SALARYSTATUSID,DATE_OF_JOINING,CONTRACT_END_DATE) values (43,0,0,0,null,1,to_date('16-AUG-18','DD-MON-RR'),to_date('16-FEB-18','DD-MON-RR'));
Insert into SCHOOL_WEBSPACE.STAFFACCOUNTSDB (USERID,IN_HAND_SALARY,ALLOWANCE,TOTAL_SALARY,LAST_SALARY_PAYMENT_DATE,SALARYSTATUSID,DATE_OF_JOINING,CONTRACT_END_DATE) values (45,0,0,0,null,1,to_date('16-AUG-18','DD-MON-RR'),to_date('16-FEB-18','DD-MON-RR'));
Insert into SCHOOL_WEBSPACE.STAFFACCOUNTSDB (USERID,IN_HAND_SALARY,ALLOWANCE,TOTAL_SALARY,LAST_SALARY_PAYMENT_DATE,SALARYSTATUSID,DATE_OF_JOINING,CONTRACT_END_DATE) values (46,0,0,0,null,1,to_date('16-AUG-18','DD-MON-RR'),to_date('16-FEB-18','DD-MON-RR'));
Insert into SCHOOL_WEBSPACE.STAFFACCOUNTSDB (USERID,IN_HAND_SALARY,ALLOWANCE,TOTAL_SALARY,LAST_SALARY_PAYMENT_DATE,SALARYSTATUSID,DATE_OF_JOINING,CONTRACT_END_DATE) values (47,0,0,0,null,1,to_date('16-AUG-18','DD-MON-RR'),to_date('16-FEB-18','DD-MON-RR'));
Insert into SCHOOL_WEBSPACE.STAFFACCOUNTSDB (USERID,IN_HAND_SALARY,ALLOWANCE,TOTAL_SALARY,LAST_SALARY_PAYMENT_DATE,SALARYSTATUSID,DATE_OF_JOINING,CONTRACT_END_DATE) values (48,0,0,0,null,1,to_date('16-AUG-18','DD-MON-RR'),to_date('16-FEB-18','DD-MON-RR'));
Insert into SCHOOL_WEBSPACE.STAFFACCOUNTSDB (USERID,IN_HAND_SALARY,ALLOWANCE,TOTAL_SALARY,LAST_SALARY_PAYMENT_DATE,SALARYSTATUSID,DATE_OF_JOINING,CONTRACT_END_DATE) values (40,0,0,0,null,1,to_date('16-AUG-18','DD-MON-RR'),to_date('16-FEB-18','DD-MON-RR'));
Insert into SCHOOL_WEBSPACE.STAFFACCOUNTSDB (USERID,IN_HAND_SALARY,ALLOWANCE,TOTAL_SALARY,LAST_SALARY_PAYMENT_DATE,SALARYSTATUSID,DATE_OF_JOINING,CONTRACT_END_DATE) values (41,0,0,0,null,1,to_date('16-AUG-18','DD-MON-RR'),to_date('16-FEB-18','DD-MON-RR'));
Insert into SCHOOL_WEBSPACE.STAFFACCOUNTSDB (USERID,IN_HAND_SALARY,ALLOWANCE,TOTAL_SALARY,LAST_SALARY_PAYMENT_DATE,SALARYSTATUSID,DATE_OF_JOINING,CONTRACT_END_DATE) values (35,0,0,0,null,1,to_date('16-AUG-18','DD-MON-RR'),to_date('16-FEB-18','DD-MON-RR'));
Insert into SCHOOL_WEBSPACE.STAFFACCOUNTSDB (USERID,IN_HAND_SALARY,ALLOWANCE,TOTAL_SALARY,LAST_SALARY_PAYMENT_DATE,SALARYSTATUSID,DATE_OF_JOINING,CONTRACT_END_DATE) values (38,0,0,0,null,1,to_date('16-AUG-18','DD-MON-RR'),to_date('16-FEB-18','DD-MON-RR'));
REM INSERTING into SCHOOL_WEBSPACE.STAFFINFODB
SET DEFINE OFF;
Insert into SCHOOL_WEBSPACE.STAFFINFODB (USERID,USERTYPEID,DESIGNATION,HIGHEST_QUALIFICATION) values (42,'T','Teacher','fdsa');
Insert into SCHOOL_WEBSPACE.STAFFINFODB (USERID,USERTYPEID,DESIGNATION,HIGHEST_QUALIFICATION) values (30,'T','Teacher','fdsa');
Insert into SCHOOL_WEBSPACE.STAFFINFODB (USERID,USERTYPEID,DESIGNATION,HIGHEST_QUALIFICATION) values (31,'T','Teacher','fdsa');
Insert into SCHOOL_WEBSPACE.STAFFINFODB (USERID,USERTYPEID,DESIGNATION,HIGHEST_QUALIFICATION) values (32,'T','Teacher','fda');
Insert into SCHOOL_WEBSPACE.STAFFINFODB (USERID,USERTYPEID,DESIGNATION,HIGHEST_QUALIFICATION) values (33,'T','Teacher','fds');
Insert into SCHOOL_WEBSPACE.STAFFINFODB (USERID,USERTYPEID,DESIGNATION,HIGHEST_QUALIFICATION) values (34,'T','Teacher','fds');
Insert into SCHOOL_WEBSPACE.STAFFINFODB (USERID,USERTYPEID,DESIGNATION,HIGHEST_QUALIFICATION) values (36,'T','Teacher','fdsa');
Insert into SCHOOL_WEBSPACE.STAFFINFODB (USERID,USERTYPEID,DESIGNATION,HIGHEST_QUALIFICATION) values (37,'T','Teacher','fdsa');
Insert into SCHOOL_WEBSPACE.STAFFINFODB (USERID,USERTYPEID,DESIGNATION,HIGHEST_QUALIFICATION) values (39,'T','Teacher','fdsa');
Insert into SCHOOL_WEBSPACE.STAFFINFODB (USERID,USERTYPEID,DESIGNATION,HIGHEST_QUALIFICATION) values (43,'T','Teacher','fdsa');
Insert into SCHOOL_WEBSPACE.STAFFINFODB (USERID,USERTYPEID,DESIGNATION,HIGHEST_QUALIFICATION) values (45,'T','Admin','fdsa');
Insert into SCHOOL_WEBSPACE.STAFFINFODB (USERID,USERTYPEID,DESIGNATION,HIGHEST_QUALIFICATION) values (46,'AC','Accountant','fasd');
Insert into SCHOOL_WEBSPACE.STAFFINFODB (USERID,USERTYPEID,DESIGNATION,HIGHEST_QUALIFICATION) values (47,'SAD','SubAdmin','fsda');
Insert into SCHOOL_WEBSPACE.STAFFINFODB (USERID,USERTYPEID,DESIGNATION,HIGHEST_QUALIFICATION) values (48,'AD','Admin','fdsa');
Insert into SCHOOL_WEBSPACE.STAFFINFODB (USERID,USERTYPEID,DESIGNATION,HIGHEST_QUALIFICATION) values (2,'T','Teacher','Diploma');
Insert into SCHOOL_WEBSPACE.STAFFINFODB (USERID,USERTYPEID,DESIGNATION,HIGHEST_QUALIFICATION) values (40,'T','Teacher','fsa');
Insert into SCHOOL_WEBSPACE.STAFFINFODB (USERID,USERTYPEID,DESIGNATION,HIGHEST_QUALIFICATION) values (41,'T','Teacher','fsa');
Insert into SCHOOL_WEBSPACE.STAFFINFODB (USERID,USERTYPEID,DESIGNATION,HIGHEST_QUALIFICATION) values (35,'T','Teacher','dfsa');
Insert into SCHOOL_WEBSPACE.STAFFINFODB (USERID,USERTYPEID,DESIGNATION,HIGHEST_QUALIFICATION) values (38,'T','Teacher','fsda');
REM INSERTING into SCHOOL_WEBSPACE.STUDENTACCOUNTSDB
SET DEFINE OFF;
Insert into SCHOOL_WEBSPACE.STUDENTACCOUNTSDB (USERID,CLASSID,PAID_FEES,OUTSTANDING_FEES,LAST_PAYMENT_DATE,DUE_DATE,TOTAL_FEES) values (14,'1A',0,0,to_date('07-JUL-18','DD-MON-RR'),to_date('07-JUL-18','DD-MON-RR'),0);
Insert into SCHOOL_WEBSPACE.STUDENTACCOUNTSDB (USERID,CLASSID,PAID_FEES,OUTSTANDING_FEES,LAST_PAYMENT_DATE,DUE_DATE,TOTAL_FEES) values (15,'1A',0,0,to_date('08-JUL-18','DD-MON-RR'),to_date('08-JUL-17','DD-MON-RR'),0);
Insert into SCHOOL_WEBSPACE.STUDENTACCOUNTSDB (USERID,CLASSID,PAID_FEES,OUTSTANDING_FEES,LAST_PAYMENT_DATE,DUE_DATE,TOTAL_FEES) values (20,'1A',0,0,to_date('15-FEB-18','DD-MON-RR'),to_date('15-MAR-18','DD-MON-RR'),0);
Insert into SCHOOL_WEBSPACE.STUDENTACCOUNTSDB (USERID,CLASSID,PAID_FEES,OUTSTANDING_FEES,LAST_PAYMENT_DATE,DUE_DATE,TOTAL_FEES) values (21,'1A',0,0,to_date('15-FEB-18','DD-MON-RR'),to_date('15-MAR-18','DD-MON-RR'),0);
Insert into SCHOOL_WEBSPACE.STUDENTACCOUNTSDB (USERID,CLASSID,PAID_FEES,OUTSTANDING_FEES,LAST_PAYMENT_DATE,DUE_DATE,TOTAL_FEES) values (22,'1A',0,0,to_date('15-FEB-18','DD-MON-RR'),to_date('15-MAR-18','DD-MON-RR'),0);
Insert into SCHOOL_WEBSPACE.STUDENTACCOUNTSDB (USERID,CLASSID,PAID_FEES,OUTSTANDING_FEES,LAST_PAYMENT_DATE,DUE_DATE,TOTAL_FEES) values (23,'1A',0,0,to_date('15-FEB-18','DD-MON-RR'),to_date('15-MAR-18','DD-MON-RR'),0);
Insert into SCHOOL_WEBSPACE.STUDENTACCOUNTSDB (USERID,CLASSID,PAID_FEES,OUTSTANDING_FEES,LAST_PAYMENT_DATE,DUE_DATE,TOTAL_FEES) values (24,'1A',0,0,to_date('15-FEB-18','DD-MON-RR'),to_date('15-MAR-18','DD-MON-RR'),0);
Insert into SCHOOL_WEBSPACE.STUDENTACCOUNTSDB (USERID,CLASSID,PAID_FEES,OUTSTANDING_FEES,LAST_PAYMENT_DATE,DUE_DATE,TOTAL_FEES) values (25,'1A',0,0,to_date('15-FEB-18','DD-MON-RR'),to_date('15-MAR-18','DD-MON-RR'),0);
Insert into SCHOOL_WEBSPACE.STUDENTACCOUNTSDB (USERID,CLASSID,PAID_FEES,OUTSTANDING_FEES,LAST_PAYMENT_DATE,DUE_DATE,TOTAL_FEES) values (26,'1A',0,0,to_date('15-FEB-18','DD-MON-RR'),to_date('15-MAR-18','DD-MON-RR'),0);
Insert into SCHOOL_WEBSPACE.STUDENTACCOUNTSDB (USERID,CLASSID,PAID_FEES,OUTSTANDING_FEES,LAST_PAYMENT_DATE,DUE_DATE,TOTAL_FEES) values (27,'1A',0,0,to_date('15-FEB-18','DD-MON-RR'),to_date('15-MAR-18','DD-MON-RR'),0);
Insert into SCHOOL_WEBSPACE.STUDENTACCOUNTSDB (USERID,CLASSID,PAID_FEES,OUTSTANDING_FEES,LAST_PAYMENT_DATE,DUE_DATE,TOTAL_FEES) values (28,'1A',0,0,to_date('15-FEB-18','DD-MON-RR'),to_date('15-MAR-18','DD-MON-RR'),0);
Insert into SCHOOL_WEBSPACE.STUDENTACCOUNTSDB (USERID,CLASSID,PAID_FEES,OUTSTANDING_FEES,LAST_PAYMENT_DATE,DUE_DATE,TOTAL_FEES) values (29,'1A',0,0,to_date('15-FEB-18','DD-MON-RR'),to_date('15-APR-18','DD-MON-RR'),0);
Insert into SCHOOL_WEBSPACE.STUDENTACCOUNTSDB (USERID,CLASSID,PAID_FEES,OUTSTANDING_FEES,LAST_PAYMENT_DATE,DUE_DATE,TOTAL_FEES) values (18,'1A',0,0,to_date('07-JUL-17','DD-MON-RR'),to_date('07-JUL-17','DD-MON-RR'),0);
Insert into SCHOOL_WEBSPACE.STUDENTACCOUNTSDB (USERID,CLASSID,PAID_FEES,OUTSTANDING_FEES,LAST_PAYMENT_DATE,DUE_DATE,TOTAL_FEES) values (1,'1A',0,0,to_date('31-JAN-18','DD-MON-RR'),to_date('31-JAN-18','DD-MON-RR'),0);
Insert into SCHOOL_WEBSPACE.STUDENTACCOUNTSDB (USERID,CLASSID,PAID_FEES,OUTSTANDING_FEES,LAST_PAYMENT_DATE,DUE_DATE,TOTAL_FEES) values (4,'1A',0,0,to_date('01-JAN-70','DD-MON-RR'),null,0);
Insert into SCHOOL_WEBSPACE.STUDENTACCOUNTSDB (USERID,CLASSID,PAID_FEES,OUTSTANDING_FEES,LAST_PAYMENT_DATE,DUE_DATE,TOTAL_FEES) values (13,'1A',0,0,to_date('07-JUL-18','DD-MON-RR'),to_date('07-JUL-18','DD-MON-RR'),0);
Insert into SCHOOL_WEBSPACE.STUDENTACCOUNTSDB (USERID,CLASSID,PAID_FEES,OUTSTANDING_FEES,LAST_PAYMENT_DATE,DUE_DATE,TOTAL_FEES) values (16,'1A',0,0,to_date('08-JUL-18','DD-MON-RR'),to_date('08-JUL-18','DD-MON-RR'),0);
Insert into SCHOOL_WEBSPACE.STUDENTACCOUNTSDB (USERID,CLASSID,PAID_FEES,OUTSTANDING_FEES,LAST_PAYMENT_DATE,DUE_DATE,TOTAL_FEES) values (17,'1A',0,0,to_date('08-JUL-17','DD-MON-RR'),to_date('08-JUL-17','DD-MON-RR'),0);
Insert into SCHOOL_WEBSPACE.STUDENTACCOUNTSDB (USERID,CLASSID,PAID_FEES,OUTSTANDING_FEES,LAST_PAYMENT_DATE,DUE_DATE,TOTAL_FEES) values (19,'1A',0,0,to_date('07-JUL-18','DD-MON-RR'),to_date('07-JUL-18','DD-MON-RR'),0);
Insert into SCHOOL_WEBSPACE.STUDENTACCOUNTSDB (USERID,CLASSID,PAID_FEES,OUTSTANDING_FEES,LAST_PAYMENT_DATE,DUE_DATE,TOTAL_FEES) values (44,'1A',0,0,to_date('16-FEB-18','DD-MON-RR'),to_date('16-FEB-18','DD-MON-RR'),0);
Insert into SCHOOL_WEBSPACE.STUDENTACCOUNTSDB (USERID,CLASSID,PAID_FEES,OUTSTANDING_FEES,LAST_PAYMENT_DATE,DUE_DATE,TOTAL_FEES) values (10,'1A',0,0,to_date('07-JUL-18','DD-MON-RR'),to_date('07-JUL-18','DD-MON-RR'),0);
Insert into SCHOOL_WEBSPACE.STUDENTACCOUNTSDB (USERID,CLASSID,PAID_FEES,OUTSTANDING_FEES,LAST_PAYMENT_DATE,DUE_DATE,TOTAL_FEES) values (11,'1A',0,0,to_date('08-JUL-17','DD-MON-RR'),to_date('08-JUL-17','DD-MON-RR'),0);
Insert into SCHOOL_WEBSPACE.STUDENTACCOUNTSDB (USERID,CLASSID,PAID_FEES,OUTSTANDING_FEES,LAST_PAYMENT_DATE,DUE_DATE,TOTAL_FEES) values (12,'1A',0,0,to_date('07-JUL-18','DD-MON-RR'),to_date('08-JUL-18','DD-MON-RR'),0);
REM INSERTING into SCHOOL_WEBSPACE.STUDENTINFODB
SET DEFINE OFF;
Insert into SCHOOL_WEBSPACE.STUDENTINFODB (USERID,CLASSID,TOTAL_SUBJECTS) values (5,'1A',0);
Insert into SCHOOL_WEBSPACE.STUDENTINFODB (USERID,CLASSID,TOTAL_SUBJECTS) values (6,'1A',0);
Insert into SCHOOL_WEBSPACE.STUDENTINFODB (USERID,CLASSID,TOTAL_SUBJECTS) values (7,'1A',0);
Insert into SCHOOL_WEBSPACE.STUDENTINFODB (USERID,CLASSID,TOTAL_SUBJECTS) values (9,'1A',0);
Insert into SCHOOL_WEBSPACE.STUDENTINFODB (USERID,CLASSID,TOTAL_SUBJECTS) values (14,'1A',0);
Insert into SCHOOL_WEBSPACE.STUDENTINFODB (USERID,CLASSID,TOTAL_SUBJECTS) values (15,'1A',0);
Insert into SCHOOL_WEBSPACE.STUDENTINFODB (USERID,CLASSID,TOTAL_SUBJECTS) values (20,'1A',1);
Insert into SCHOOL_WEBSPACE.STUDENTINFODB (USERID,CLASSID,TOTAL_SUBJECTS) values (21,'1A',2);
Insert into SCHOOL_WEBSPACE.STUDENTINFODB (USERID,CLASSID,TOTAL_SUBJECTS) values (22,'1A',2);
Insert into SCHOOL_WEBSPACE.STUDENTINFODB (USERID,CLASSID,TOTAL_SUBJECTS) values (23,'1A',1);
Insert into SCHOOL_WEBSPACE.STUDENTINFODB (USERID,CLASSID,TOTAL_SUBJECTS) values (24,'1A',2);
Insert into SCHOOL_WEBSPACE.STUDENTINFODB (USERID,CLASSID,TOTAL_SUBJECTS) values (25,'1A',2);
Insert into SCHOOL_WEBSPACE.STUDENTINFODB (USERID,CLASSID,TOTAL_SUBJECTS) values (26,'1A',2);
Insert into SCHOOL_WEBSPACE.STUDENTINFODB (USERID,CLASSID,TOTAL_SUBJECTS) values (27,'1A',2);
Insert into SCHOOL_WEBSPACE.STUDENTINFODB (USERID,CLASSID,TOTAL_SUBJECTS) values (28,'1A',1);
Insert into SCHOOL_WEBSPACE.STUDENTINFODB (USERID,CLASSID,TOTAL_SUBJECTS) values (29,'1A',2);
Insert into SCHOOL_WEBSPACE.STUDENTINFODB (USERID,CLASSID,TOTAL_SUBJECTS) values (18,'1A',0);
Insert into SCHOOL_WEBSPACE.STUDENTINFODB (USERID,CLASSID,TOTAL_SUBJECTS) values (1,'1A',1);
Insert into SCHOOL_WEBSPACE.STUDENTINFODB (USERID,CLASSID,TOTAL_SUBJECTS) values (4,'1A',0);
Insert into SCHOOL_WEBSPACE.STUDENTINFODB (USERID,CLASSID,TOTAL_SUBJECTS) values (3,'1A',0);
Insert into SCHOOL_WEBSPACE.STUDENTINFODB (USERID,CLASSID,TOTAL_SUBJECTS) values (13,'1A',0);
Insert into SCHOOL_WEBSPACE.STUDENTINFODB (USERID,CLASSID,TOTAL_SUBJECTS) values (16,'1A',0);
Insert into SCHOOL_WEBSPACE.STUDENTINFODB (USERID,CLASSID,TOTAL_SUBJECTS) values (17,'1A',0);
Insert into SCHOOL_WEBSPACE.STUDENTINFODB (USERID,CLASSID,TOTAL_SUBJECTS) values (19,'1A',0);
Insert into SCHOOL_WEBSPACE.STUDENTINFODB (USERID,CLASSID,TOTAL_SUBJECTS) values (44,'1A',2);
Insert into SCHOOL_WEBSPACE.STUDENTINFODB (USERID,CLASSID,TOTAL_SUBJECTS) values (8,'1A',0);
Insert into SCHOOL_WEBSPACE.STUDENTINFODB (USERID,CLASSID,TOTAL_SUBJECTS) values (10,'1A',0);
Insert into SCHOOL_WEBSPACE.STUDENTINFODB (USERID,CLASSID,TOTAL_SUBJECTS) values (11,'1A',0);
Insert into SCHOOL_WEBSPACE.STUDENTINFODB (USERID,CLASSID,TOTAL_SUBJECTS) values (12,'1A',0);
REM INSERTING into SCHOOL_WEBSPACE.STUDENTSUBJECTDIST
SET DEFINE OFF;
Insert into SCHOOL_WEBSPACE.STUDENTSUBJECTDIST (USERID,SUBJECTID,CLASSID,SUBJECT_REPORT) values (1,1,'1A',1);
Insert into SCHOOL_WEBSPACE.STUDENTSUBJECTDIST (USERID,SUBJECTID,CLASSID,SUBJECT_REPORT) values (4,1,'1A',1);
Insert into SCHOOL_WEBSPACE.STUDENTSUBJECTDIST (USERID,SUBJECTID,CLASSID,SUBJECT_REPORT) values (1,2,'1A',1);
Insert into SCHOOL_WEBSPACE.STUDENTSUBJECTDIST (USERID,SUBJECTID,CLASSID,SUBJECT_REPORT) values (21,2,'1A',1);
Insert into SCHOOL_WEBSPACE.STUDENTSUBJECTDIST (USERID,SUBJECTID,CLASSID,SUBJECT_REPORT) values (22,2,'1A',1);
Insert into SCHOOL_WEBSPACE.STUDENTSUBJECTDIST (USERID,SUBJECTID,CLASSID,SUBJECT_REPORT) values (23,1,'1A',1);
Insert into SCHOOL_WEBSPACE.STUDENTSUBJECTDIST (USERID,SUBJECTID,CLASSID,SUBJECT_REPORT) values (24,2,'1A',1);
Insert into SCHOOL_WEBSPACE.STUDENTSUBJECTDIST (USERID,SUBJECTID,CLASSID,SUBJECT_REPORT) values (25,2,'1A',1);
Insert into SCHOOL_WEBSPACE.STUDENTSUBJECTDIST (USERID,SUBJECTID,CLASSID,SUBJECT_REPORT) values (26,2,'1A',1);
Insert into SCHOOL_WEBSPACE.STUDENTSUBJECTDIST (USERID,SUBJECTID,CLASSID,SUBJECT_REPORT) values (27,2,'1A',1);
Insert into SCHOOL_WEBSPACE.STUDENTSUBJECTDIST (USERID,SUBJECTID,CLASSID,SUBJECT_REPORT) values (28,2,'1A',1);
Insert into SCHOOL_WEBSPACE.STUDENTSUBJECTDIST (USERID,SUBJECTID,CLASSID,SUBJECT_REPORT) values (29,2,'1A',1);
Insert into SCHOOL_WEBSPACE.STUDENTSUBJECTDIST (USERID,SUBJECTID,CLASSID,SUBJECT_REPORT) values (44,1,'1A',1);
Insert into SCHOOL_WEBSPACE.STUDENTSUBJECTDIST (USERID,SUBJECTID,CLASSID,SUBJECT_REPORT) values (44,2,'1A',1);
REM INSERTING into SCHOOL_WEBSPACE.STUDENTSUBJECTREPORT
SET DEFINE OFF;
Insert into SCHOOL_WEBSPACE.STUDENTSUBJECTREPORT (SUBJECT_REPORT,SUBJECT_REPORT_DESC) values (1,'Pursuing');
Insert into SCHOOL_WEBSPACE.STUDENTSUBJECTREPORT (SUBJECT_REPORT,SUBJECT_REPORT_DESC) values (2,'Passed');
Insert into SCHOOL_WEBSPACE.STUDENTSUBJECTREPORT (SUBJECT_REPORT,SUBJECT_REPORT_DESC) values (3,'Failed');
Insert into SCHOOL_WEBSPACE.STUDENTSUBJECTREPORT (SUBJECT_REPORT,SUBJECT_REPORT_DESC) values (4,'Exempted');
REM INSERTING into SCHOOL_WEBSPACE.STUDYMATERIAL
SET DEFINE OFF;
REM INSERTING into SCHOOL_WEBSPACE.SUBJECT
SET DEFINE OFF;
Insert into SCHOOL_WEBSPACE.SUBJECT (SUBJECTID,SUBJECT_NAME) values (5,'Science');
Insert into SCHOOL_WEBSPACE.SUBJECT (SUBJECTID,SUBJECT_NAME) values (6,'English');
Insert into SCHOOL_WEBSPACE.SUBJECT (SUBJECTID,SUBJECT_NAME) values (4,'Geography');
Insert into SCHOOL_WEBSPACE.SUBJECT (SUBJECTID,SUBJECT_NAME) values (1,'History');
Insert into SCHOOL_WEBSPACE.SUBJECT (SUBJECTID,SUBJECT_NAME) values (2,'Maths');
Insert into SCHOOL_WEBSPACE.SUBJECT (SUBJECTID,SUBJECT_NAME) values (7,'Computer');
REM INSERTING into SCHOOL_WEBSPACE.TEACHERSUBJECTDIST
SET DEFINE OFF;
Insert into SCHOOL_WEBSPACE.TEACHERSUBJECTDIST (USERID,CLASSID,SUBJECTID) values (2,'1A',1);
Insert into SCHOOL_WEBSPACE.TEACHERSUBJECTDIST (USERID,CLASSID,SUBJECTID) values (2,'1A',2);
REM INSERTING into SCHOOL_WEBSPACE.USERDB
SET DEFINE OFF;
Insert into SCHOOL_WEBSPACE.USERDB (USERID,FNAME,LNAME,ADDRESS,PHONE,ALT_PHONE,EMAIL_ID) values (1,'Ganesh','Chawkekar','fdas',1234567890,1234567890,'fdsa');
Insert into SCHOOL_WEBSPACE.USERDB (USERID,FNAME,LNAME,ADDRESS,PHONE,ALT_PHONE,EMAIL_ID) values (2,'Ganesh','Chawkekar','fdas',1234567890,1234567890,'fdsa');
Insert into SCHOOL_WEBSPACE.USERDB (USERID,FNAME,LNAME,ADDRESS,PHONE,ALT_PHONE,EMAIL_ID) values (4,'Mahesh','fdsa','32',1234567890,12345678,' ');
Insert into SCHOOL_WEBSPACE.USERDB (USERID,FNAME,LNAME,ADDRESS,PHONE,ALT_PHONE,EMAIL_ID) values (5,'fdsa','fdsa','fsda',5432,52,'fasd');
Insert into SCHOOL_WEBSPACE.USERDB (USERID,FNAME,LNAME,ADDRESS,PHONE,ALT_PHONE,EMAIL_ID) values (6,'dfa','fdsa','fdsa',5432,5423,'fsad');
Insert into SCHOOL_WEBSPACE.USERDB (USERID,FNAME,LNAME,ADDRESS,PHONE,ALT_PHONE,EMAIL_ID) values (7,'fsda','fds','fdsa',5423,543,'fdsa');
Insert into SCHOOL_WEBSPACE.USERDB (USERID,FNAME,LNAME,ADDRESS,PHONE,ALT_PHONE,EMAIL_ID) values (14,'dfa','fds','fdsa',5432,542,'fdsa');
Insert into SCHOOL_WEBSPACE.USERDB (USERID,FNAME,LNAME,ADDRESS,PHONE,ALT_PHONE,EMAIL_ID) values (15,'fdas','fda','dfa',5423,5423,'5423');
Insert into SCHOOL_WEBSPACE.USERDB (USERID,FNAME,LNAME,ADDRESS,PHONE,ALT_PHONE,EMAIL_ID) values (20,'fdsa','fdsa','fdsa',532,5432,'fdsa@dfsa.com');
Insert into SCHOOL_WEBSPACE.USERDB (USERID,FNAME,LNAME,ADDRESS,PHONE,ALT_PHONE,EMAIL_ID) values (21,'fdas','fsa','fdsa',5423,5423,'fdas@fsda.com');
Insert into SCHOOL_WEBSPACE.USERDB (USERID,FNAME,LNAME,ADDRESS,PHONE,ALT_PHONE,EMAIL_ID) values (23,'fdsafda','fads','fdsadfa',5423,54235,'fdsa@fdsa.com');
Insert into SCHOOL_WEBSPACE.USERDB (USERID,FNAME,LNAME,ADDRESS,PHONE,ALT_PHONE,EMAIL_ID) values (24,'fdsa','fdsa','gfsd',5243,5423,'fdsa@fds.com');
Insert into SCHOOL_WEBSPACE.USERDB (USERID,FNAME,LNAME,ADDRESS,PHONE,ALT_PHONE,EMAIL_ID) values (18,'fsda','fsda','fsda',421,432,'fsd');
Insert into SCHOOL_WEBSPACE.USERDB (USERID,FNAME,LNAME,ADDRESS,PHONE,ALT_PHONE,EMAIL_ID) values (39,'fdsa','fas','fdsa',534,5324,'5423@fdsa.com');
Insert into SCHOOL_WEBSPACE.USERDB (USERID,FNAME,LNAME,ADDRESS,PHONE,ALT_PHONE,EMAIL_ID) values (43,'fsda','fdsa','5234',5423,5423,'fsda@fas.com');
Insert into SCHOOL_WEBSPACE.USERDB (USERID,FNAME,LNAME,ADDRESS,PHONE,ALT_PHONE,EMAIL_ID) values (44,'fsda','fdsa','fdsa',5234,523,'fsda@fsda.com');
Insert into SCHOOL_WEBSPACE.USERDB (USERID,FNAME,LNAME,ADDRESS,PHONE,ALT_PHONE,EMAIL_ID) values (45,'fsad','fsda','fsad',5243,5423,'fsad@das.com');
Insert into SCHOOL_WEBSPACE.USERDB (USERID,FNAME,LNAME,ADDRESS,PHONE,ALT_PHONE,EMAIL_ID) values (46,'fdsa','fdsa','fsda',5423,5234,'fsda@fsda.com');
Insert into SCHOOL_WEBSPACE.USERDB (USERID,FNAME,LNAME,ADDRESS,PHONE,ALT_PHONE,EMAIL_ID) values (47,'fas','fds','fds',543,52,'fdas@fdsa.com');
Insert into SCHOOL_WEBSPACE.USERDB (USERID,FNAME,LNAME,ADDRESS,PHONE,ALT_PHONE,EMAIL_ID) values (48,'fdsafsa','fdsa','fdsa	',4312,4231,'dsa@fsda.com');
Insert into SCHOOL_WEBSPACE.USERDB (USERID,FNAME,LNAME,ADDRESS,PHONE,ALT_PHONE,EMAIL_ID) values (3,'fdsa','dsfa','fdsa',534,543,'5543');
Insert into SCHOOL_WEBSPACE.USERDB (USERID,FNAME,LNAME,ADDRESS,PHONE,ALT_PHONE,EMAIL_ID) values (13,'fdsa','fdsa','fdsa',423,423,'fgsd');
Insert into SCHOOL_WEBSPACE.USERDB (USERID,FNAME,LNAME,ADDRESS,PHONE,ALT_PHONE,EMAIL_ID) values (16,'fdas','fdsa','fdsa',5243,5423,'fdsa');
Insert into SCHOOL_WEBSPACE.USERDB (USERID,FNAME,LNAME,ADDRESS,PHONE,ALT_PHONE,EMAIL_ID) values (17,'fsa','fsad','fdsa',4523,5432,'fdsa');
Insert into SCHOOL_WEBSPACE.USERDB (USERID,FNAME,LNAME,ADDRESS,PHONE,ALT_PHONE,EMAIL_ID) values (19,'fdas','fdsa','fdsa',5423,5423,'fasd');
Insert into SCHOOL_WEBSPACE.USERDB (USERID,FNAME,LNAME,ADDRESS,PHONE,ALT_PHONE,EMAIL_ID) values (27,'fdsa','fsda','fdsa',5423,5423,'dfsa@fdsa.com');
Insert into SCHOOL_WEBSPACE.USERDB (USERID,FNAME,LNAME,ADDRESS,PHONE,ALT_PHONE,EMAIL_ID) values (26,'fdas','fdsa','fdas',5423,5423,'523@fdsa.com');
Insert into SCHOOL_WEBSPACE.USERDB (USERID,FNAME,LNAME,ADDRESS,PHONE,ALT_PHONE,EMAIL_ID) values (28,'dsfa','fdsa','fdsa',5423,5423,'dsa@fdas.com');
Insert into SCHOOL_WEBSPACE.USERDB (USERID,FNAME,LNAME,ADDRESS,PHONE,ALT_PHONE,EMAIL_ID) values (40,'fda','fdsa','fds',5423,5342,'fsad@fds.com');
Insert into SCHOOL_WEBSPACE.USERDB (USERID,FNAME,LNAME,ADDRESS,PHONE,ALT_PHONE,EMAIL_ID) values (41,'fda','fdsa','fds',5423,5342,'fsad@fds.com');
Insert into SCHOOL_WEBSPACE.USERDB (USERID,FNAME,LNAME,ADDRESS,PHONE,ALT_PHONE,EMAIL_ID) values (8,'fdsa','fdsa','fdsa',5423,542,'fdsa');
Insert into SCHOOL_WEBSPACE.USERDB (USERID,FNAME,LNAME,ADDRESS,PHONE,ALT_PHONE,EMAIL_ID) values (10,'fdsa','fdsa','fdsa',5432,5423,'afds');
Insert into SCHOOL_WEBSPACE.USERDB (USERID,FNAME,LNAME,ADDRESS,PHONE,ALT_PHONE,EMAIL_ID) values (11,'fdas','fdsa','fdsa',423,432,'fdsa');
Insert into SCHOOL_WEBSPACE.USERDB (USERID,FNAME,LNAME,ADDRESS,PHONE,ALT_PHONE,EMAIL_ID) values (12,'fdas','fdsa','fdsa',5423,5432,'fdsa');
Insert into SCHOOL_WEBSPACE.USERDB (USERID,FNAME,LNAME,ADDRESS,PHONE,ALT_PHONE,EMAIL_ID) values (9,'fdsa','fsad','fsda',5432,5432,'5423');
Insert into SCHOOL_WEBSPACE.USERDB (USERID,FNAME,LNAME,ADDRESS,PHONE,ALT_PHONE,EMAIL_ID) values (29,'fdsa','fsa','fdas',5342,5243,'fds@fds.com');
Insert into SCHOOL_WEBSPACE.USERDB (USERID,FNAME,LNAME,ADDRESS,PHONE,ALT_PHONE,EMAIL_ID) values (30,'fdsa','fsda','fsda',54325,5423,'fsda@fdsa.com');
Insert into SCHOOL_WEBSPACE.USERDB (USERID,FNAME,LNAME,ADDRESS,PHONE,ALT_PHONE,EMAIL_ID) values (22,'fdas','fdsa','fsa',5324,532,'fds@fds.com');
Insert into SCHOOL_WEBSPACE.USERDB (USERID,FNAME,LNAME,ADDRESS,PHONE,ALT_PHONE,EMAIL_ID) values (25,'gsd','gfsd','gsdf',523,5423,'fds@ffdsa.com');
Insert into SCHOOL_WEBSPACE.USERDB (USERID,FNAME,LNAME,ADDRESS,PHONE,ALT_PHONE,EMAIL_ID) values (31,'dfsa','fdsa','fdsa	',432,432,'fdsa@dfs.com');
Insert into SCHOOL_WEBSPACE.USERDB (USERID,FNAME,LNAME,ADDRESS,PHONE,ALT_PHONE,EMAIL_ID) values (32,'fdsa','fdsafds','fdsa',3524,5432,'fdsa@fdsa.com');
Insert into SCHOOL_WEBSPACE.USERDB (USERID,FNAME,LNAME,ADDRESS,PHONE,ALT_PHONE,EMAIL_ID) values (33,'gfsd','gfd','fds',56234,5423,'fdsa@fds.com');
Insert into SCHOOL_WEBSPACE.USERDB (USERID,FNAME,LNAME,ADDRESS,PHONE,ALT_PHONE,EMAIL_ID) values (34,'gfsd','gfd','fds',56234,5423,'fdsa@fds.com');
Insert into SCHOOL_WEBSPACE.USERDB (USERID,FNAME,LNAME,ADDRESS,PHONE,ALT_PHONE,EMAIL_ID) values (35,'fdsa','fsda','fsda',5324,5423,'fdas@dfsa.com');
Insert into SCHOOL_WEBSPACE.USERDB (USERID,FNAME,LNAME,ADDRESS,PHONE,ALT_PHONE,EMAIL_ID) values (36,'fdsa','fsda','fsad',5423,5324,'fsad@fdsa.com');
Insert into SCHOOL_WEBSPACE.USERDB (USERID,FNAME,LNAME,ADDRESS,PHONE,ALT_PHONE,EMAIL_ID) values (37,'fdsa','fsda','fsad',5423,5324,'fsad@fdsa.com');
Insert into SCHOOL_WEBSPACE.USERDB (USERID,FNAME,LNAME,ADDRESS,PHONE,ALT_PHONE,EMAIL_ID) values (38,'fsda','fdsa','fdsa',5423,5423,'fads@fdsa.com');
Insert into SCHOOL_WEBSPACE.USERDB (USERID,FNAME,LNAME,ADDRESS,PHONE,ALT_PHONE,EMAIL_ID) values (42,'fdsa','fdsa','5234',5432,5423,'fsda@fsda.com');
REM INSERTING into SCHOOL_WEBSPACE.USERTYPE
SET DEFINE OFF;
Insert into SCHOOL_WEBSPACE.USERTYPE (USERTYPEID,USERTYPE_NAME) values ('AC','Accountant');
Insert into SCHOOL_WEBSPACE.USERTYPE (USERTYPEID,USERTYPE_NAME) values ('AD','Admin');
Insert into SCHOOL_WEBSPACE.USERTYPE (USERTYPEID,USERTYPE_NAME) values ('S','Student');
Insert into SCHOOL_WEBSPACE.USERTYPE (USERTYPEID,USERTYPE_NAME) values ('SAD','Sub Admin');
Insert into SCHOOL_WEBSPACE.USERTYPE (USERTYPEID,USERTYPE_NAME) values ('T','Teacher');
--------------------------------------------------------
--  DDL for Index CLASSATTENDANCEDB_IBFK_3
--------------------------------------------------------

  CREATE INDEX "SCHOOL_WEBSPACE"."CLASSATTENDANCEDB_IBFK_3" ON "SCHOOL_WEBSPACE"."CLASSATTENDANCEDB" ("SUBJECTID") 
  PCTFREE 10 INITRANS 2 MAXTRANS 255 COMPUTE STATISTICS 
  STORAGE(INITIAL 65536 NEXT 1048576 MINEXTENTS 1 MAXEXTENTS 2147483645
  PCTINCREASE 0 FREELISTS 1 FREELIST GROUPS 1 BUFFER_POOL DEFAULT FLASH_CACHE DEFAULT CELL_FLASH_CACHE DEFAULT)
  TABLESPACE "USERS" ;
--------------------------------------------------------
--  DDL for Index CLASSSUBJECTDIST_IBFK_1
--------------------------------------------------------

  CREATE INDEX "SCHOOL_WEBSPACE"."CLASSSUBJECTDIST_IBFK_1" ON "SCHOOL_WEBSPACE"."CLASSSUBJECTDIST" ("SUBJECTID") 
  PCTFREE 10 INITRANS 2 MAXTRANS 255 COMPUTE STATISTICS 
  STORAGE(INITIAL 65536 NEXT 1048576 MINEXTENTS 1 MAXEXTENTS 2147483645
  PCTINCREASE 0 FREELISTS 1 FREELIST GROUPS 1 BUFFER_POOL DEFAULT FLASH_CACHE DEFAULT CELL_FLASH_CACHE DEFAULT)
  TABLESPACE "USERS" ;
--------------------------------------------------------
--  DDL for Index EXAMENROLLDB_IBFK_1
--------------------------------------------------------

  CREATE INDEX "SCHOOL_WEBSPACE"."EXAMENROLLDB_IBFK_1" ON "SCHOOL_WEBSPACE"."EXAMENROLLDB" ("USERID") 
  PCTFREE 10 INITRANS 2 MAXTRANS 255 COMPUTE STATISTICS 
  STORAGE(INITIAL 65536 NEXT 1048576 MINEXTENTS 1 MAXEXTENTS 2147483645
  PCTINCREASE 0 FREELISTS 1 FREELIST GROUPS 1 BUFFER_POOL DEFAULT FLASH_CACHE DEFAULT CELL_FLASH_CACHE DEFAULT)
  TABLESPACE "USERS" ;
--------------------------------------------------------
--  DDL for Index EXAMENROLLDB_IBFK_3
--------------------------------------------------------

  CREATE INDEX "SCHOOL_WEBSPACE"."EXAMENROLLDB_IBFK_3" ON "SCHOOL_WEBSPACE"."EXAMENROLLDB" ("EXAM_STATUS_ID") 
  PCTFREE 10 INITRANS 2 MAXTRANS 255 COMPUTE STATISTICS 
  STORAGE(INITIAL 65536 NEXT 1048576 MINEXTENTS 1 MAXEXTENTS 2147483645
  PCTINCREASE 0 FREELISTS 1 FREELIST GROUPS 1 BUFFER_POOL DEFAULT FLASH_CACHE DEFAULT CELL_FLASH_CACHE DEFAULT)
  TABLESPACE "USERS" ;
--------------------------------------------------------
--  DDL for Index EXAM_IBFK_2
--------------------------------------------------------

  CREATE INDEX "SCHOOL_WEBSPACE"."EXAM_IBFK_2" ON "SCHOOL_WEBSPACE"."EXAM" ("SUBJECTID") 
  PCTFREE 10 INITRANS 2 MAXTRANS 255 COMPUTE STATISTICS 
  STORAGE(INITIAL 65536 NEXT 1048576 MINEXTENTS 1 MAXEXTENTS 2147483645
  PCTINCREASE 0 FREELISTS 1 FREELIST GROUPS 1 BUFFER_POOL DEFAULT FLASH_CACHE DEFAULT CELL_FLASH_CACHE DEFAULT)
  TABLESPACE "USERS" ;
--------------------------------------------------------
--  DDL for Index EXAM_IBFK_3
--------------------------------------------------------

  CREATE INDEX "SCHOOL_WEBSPACE"."EXAM_IBFK_3" ON "SCHOOL_WEBSPACE"."EXAM" ("EXAM_LOCATION") 
  PCTFREE 10 INITRANS 2 MAXTRANS 255 COMPUTE STATISTICS 
  STORAGE(INITIAL 65536 NEXT 1048576 MINEXTENTS 1 MAXEXTENTS 2147483645
  PCTINCREASE 0 FREELISTS 1 FREELIST GROUPS 1 BUFFER_POOL DEFAULT FLASH_CACHE DEFAULT CELL_FLASH_CACHE DEFAULT)
  TABLESPACE "USERS" ;
--------------------------------------------------------
--  DDL for Index EXAM_IBFK_4
--------------------------------------------------------

  CREATE INDEX "SCHOOL_WEBSPACE"."EXAM_IBFK_4" ON "SCHOOL_WEBSPACE"."EXAM" ("EXAM_STATUS_ID") 
  PCTFREE 10 INITRANS 2 MAXTRANS 255 COMPUTE STATISTICS 
  STORAGE(INITIAL 65536 NEXT 1048576 MINEXTENTS 1 MAXEXTENTS 2147483645
  PCTINCREASE 0 FREELISTS 1 FREELIST GROUPS 1 BUFFER_POOL DEFAULT FLASH_CACHE DEFAULT CELL_FLASH_CACHE DEFAULT)
  TABLESPACE "USERS" ;
--------------------------------------------------------
--  DDL for Index FK_ATTENDANCE_CLASSSTUDENTSUBJ
--------------------------------------------------------

  CREATE INDEX "SCHOOL_WEBSPACE"."FK_ATTENDANCE_CLASSSTUDENTSUBJ" ON "SCHOOL_WEBSPACE"."CLASSATTENDANCEDB" ("USERID", "CLASSID", "SUBJECTID") 
  PCTFREE 10 INITRANS 2 MAXTRANS 255 COMPUTE STATISTICS 
  STORAGE(INITIAL 65536 NEXT 1048576 MINEXTENTS 1 MAXEXTENTS 2147483645
  PCTINCREASE 0 FREELISTS 1 FREELIST GROUPS 1 BUFFER_POOL DEFAULT FLASH_CACHE DEFAULT CELL_FLASH_CACHE DEFAULT)
  TABLESPACE "USERS" ;
--------------------------------------------------------
--  DDL for Index FK_EXAMRESULTCLASSSUBJECTID
--------------------------------------------------------

  CREATE INDEX "SCHOOL_WEBSPACE"."FK_EXAMRESULTCLASSSUBJECTID" ON "SCHOOL_WEBSPACE"."EXAM" ("CLASSID", "SUBJECTID") 
  PCTFREE 10 INITRANS 2 MAXTRANS 255 COMPUTE STATISTICS 
  STORAGE(INITIAL 65536 NEXT 1048576 MINEXTENTS 1 MAXEXTENTS 2147483645
  PCTINCREASE 0 FREELISTS 1 FREELIST GROUPS 1 BUFFER_POOL DEFAULT FLASH_CACHE DEFAULT CELL_FLASH_CACHE DEFAULT)
  TABLESPACE "USERS" ;
--------------------------------------------------------
--  DDL for Index LOGINDB_IBFK_2
--------------------------------------------------------

  CREATE INDEX "SCHOOL_WEBSPACE"."LOGINDB_IBFK_2" ON "SCHOOL_WEBSPACE"."LOGINDB" ("USERTYPEID") 
  PCTFREE 10 INITRANS 2 MAXTRANS 255 COMPUTE STATISTICS 
  STORAGE(INITIAL 65536 NEXT 1048576 MINEXTENTS 1 MAXEXTENTS 2147483645
  PCTINCREASE 0 FREELISTS 1 FREELIST GROUPS 1 BUFFER_POOL DEFAULT FLASH_CACHE DEFAULT CELL_FLASH_CACHE DEFAULT)
  TABLESPACE "USERS" ;
--------------------------------------------------------
--  DDL for Index NEWSEVENTSDB_IBFK_1
--------------------------------------------------------

  CREATE INDEX "SCHOOL_WEBSPACE"."NEWSEVENTSDB_IBFK_1" ON "SCHOOL_WEBSPACE"."NEWSEVENTSDB" ("USERID") 
  PCTFREE 10 INITRANS 2 MAXTRANS 255 COMPUTE STATISTICS 
  STORAGE(INITIAL 65536 NEXT 1048576 MINEXTENTS 1 MAXEXTENTS 2147483645
  PCTINCREASE 0 FREELISTS 1 FREELIST GROUPS 1 BUFFER_POOL DEFAULT FLASH_CACHE DEFAULT CELL_FLASH_CACHE DEFAULT)
  TABLESPACE "USERS" ;
--------------------------------------------------------
--  DDL for Index PRIMARY
--------------------------------------------------------

  CREATE UNIQUE INDEX "SCHOOL_WEBSPACE"."PRIMARY" ON "SCHOOL_WEBSPACE"."CLASS" ("CLASSID") 
  PCTFREE 10 INITRANS 2 MAXTRANS 255 COMPUTE STATISTICS 
  STORAGE(INITIAL 65536 NEXT 1048576 MINEXTENTS 1 MAXEXTENTS 2147483645
  PCTINCREASE 0 FREELISTS 1 FREELIST GROUPS 1 BUFFER_POOL DEFAULT FLASH_CACHE DEFAULT CELL_FLASH_CACHE DEFAULT)
  TABLESPACE "USERS" ;
--------------------------------------------------------
--  DDL for Index PRIMARY_1
--------------------------------------------------------

  CREATE UNIQUE INDEX "SCHOOL_WEBSPACE"."PRIMARY_1" ON "SCHOOL_WEBSPACE"."USERTYPE" ("USERTYPEID") 
  PCTFREE 10 INITRANS 2 MAXTRANS 255 COMPUTE STATISTICS 
  STORAGE(INITIAL 65536 NEXT 1048576 MINEXTENTS 1 MAXEXTENTS 2147483645
  PCTINCREASE 0 FREELISTS 1 FREELIST GROUPS 1 BUFFER_POOL DEFAULT FLASH_CACHE DEFAULT CELL_FLASH_CACHE DEFAULT)
  TABLESPACE "USERS" ;
--------------------------------------------------------
--  DDL for Index PRIMARY_10
--------------------------------------------------------

  CREATE UNIQUE INDEX "SCHOOL_WEBSPACE"."PRIMARY_10" ON "SCHOOL_WEBSPACE"."LOGINDB" ("USERID") 
  PCTFREE 10 INITRANS 2 MAXTRANS 255 COMPUTE STATISTICS 
  STORAGE(INITIAL 65536 NEXT 1048576 MINEXTENTS 1 MAXEXTENTS 2147483645
  PCTINCREASE 0 FREELISTS 1 FREELIST GROUPS 1 BUFFER_POOL DEFAULT FLASH_CACHE DEFAULT CELL_FLASH_CACHE DEFAULT)
  TABLESPACE "USERS" ;
--------------------------------------------------------
--  DDL for Index PRIMARY_11
--------------------------------------------------------

  CREATE UNIQUE INDEX "SCHOOL_WEBSPACE"."PRIMARY_11" ON "SCHOOL_WEBSPACE"."NEWSEVENTSDB" ("NEWSEVENTID") 
  PCTFREE 10 INITRANS 2 MAXTRANS 255 COMPUTE STATISTICS 
  STORAGE(INITIAL 65536 NEXT 1048576 MINEXTENTS 1 MAXEXTENTS 2147483645
  PCTINCREASE 0 FREELISTS 1 FREELIST GROUPS 1 BUFFER_POOL DEFAULT FLASH_CACHE DEFAULT CELL_FLASH_CACHE DEFAULT)
  TABLESPACE "USERS" ;
--------------------------------------------------------
--  DDL for Index PRIMARY_12
--------------------------------------------------------

  CREATE UNIQUE INDEX "SCHOOL_WEBSPACE"."PRIMARY_12" ON "SCHOOL_WEBSPACE"."SALARYSTATUS" ("SALARYSTATUSID") 
  PCTFREE 10 INITRANS 2 MAXTRANS 255 COMPUTE STATISTICS 
  STORAGE(INITIAL 65536 NEXT 1048576 MINEXTENTS 1 MAXEXTENTS 2147483645
  PCTINCREASE 0 FREELISTS 1 FREELIST GROUPS 1 BUFFER_POOL DEFAULT FLASH_CACHE DEFAULT CELL_FLASH_CACHE DEFAULT)
  TABLESPACE "USERS" ;
--------------------------------------------------------
--  DDL for Index PRIMARY_13
--------------------------------------------------------

  CREATE UNIQUE INDEX "SCHOOL_WEBSPACE"."PRIMARY_13" ON "SCHOOL_WEBSPACE"."STAFFACCOUNTSDB" ("USERID") 
  PCTFREE 10 INITRANS 2 MAXTRANS 255 COMPUTE STATISTICS 
  STORAGE(INITIAL 65536 NEXT 1048576 MINEXTENTS 1 MAXEXTENTS 2147483645
  PCTINCREASE 0 FREELISTS 1 FREELIST GROUPS 1 BUFFER_POOL DEFAULT FLASH_CACHE DEFAULT CELL_FLASH_CACHE DEFAULT)
  TABLESPACE "USERS" ;
--------------------------------------------------------
--  DDL for Index PRIMARY_14
--------------------------------------------------------

  CREATE UNIQUE INDEX "SCHOOL_WEBSPACE"."PRIMARY_14" ON "SCHOOL_WEBSPACE"."STAFFINFODB" ("USERID") 
  PCTFREE 10 INITRANS 2 MAXTRANS 255 COMPUTE STATISTICS 
  STORAGE(INITIAL 65536 NEXT 1048576 MINEXTENTS 1 MAXEXTENTS 2147483645
  PCTINCREASE 0 FREELISTS 1 FREELIST GROUPS 1 BUFFER_POOL DEFAULT FLASH_CACHE DEFAULT CELL_FLASH_CACHE DEFAULT)
  TABLESPACE "USERS" ;
--------------------------------------------------------
--  DDL for Index PRIMARY_15
--------------------------------------------------------

  CREATE UNIQUE INDEX "SCHOOL_WEBSPACE"."PRIMARY_15" ON "SCHOOL_WEBSPACE"."STUDENTACCOUNTSDB" ("CLASSID", "USERID") 
  PCTFREE 10 INITRANS 2 MAXTRANS 255 COMPUTE STATISTICS 
  STORAGE(INITIAL 65536 NEXT 1048576 MINEXTENTS 1 MAXEXTENTS 2147483645
  PCTINCREASE 0 FREELISTS 1 FREELIST GROUPS 1 BUFFER_POOL DEFAULT FLASH_CACHE DEFAULT CELL_FLASH_CACHE DEFAULT)
  TABLESPACE "USERS" ;
--------------------------------------------------------
--  DDL for Index PRIMARY_16
--------------------------------------------------------

  CREATE UNIQUE INDEX "SCHOOL_WEBSPACE"."PRIMARY_16" ON "SCHOOL_WEBSPACE"."STUDENTINFODB" ("CLASSID", "USERID") 
  PCTFREE 10 INITRANS 2 MAXTRANS 255 COMPUTE STATISTICS 
  STORAGE(INITIAL 65536 NEXT 1048576 MINEXTENTS 1 MAXEXTENTS 2147483645
  PCTINCREASE 0 FREELISTS 1 FREELIST GROUPS 1 BUFFER_POOL DEFAULT FLASH_CACHE DEFAULT CELL_FLASH_CACHE DEFAULT)
  TABLESPACE "USERS" ;
--------------------------------------------------------
--  DDL for Index PRIMARY_17
--------------------------------------------------------

  CREATE UNIQUE INDEX "SCHOOL_WEBSPACE"."PRIMARY_17" ON "SCHOOL_WEBSPACE"."STUDENTSUBJECTDIST" ("CLASSID", "SUBJECTID", "USERID") 
  PCTFREE 10 INITRANS 2 MAXTRANS 255 COMPUTE STATISTICS 
  STORAGE(INITIAL 65536 NEXT 1048576 MINEXTENTS 1 MAXEXTENTS 2147483645
  PCTINCREASE 0 FREELISTS 1 FREELIST GROUPS 1 BUFFER_POOL DEFAULT FLASH_CACHE DEFAULT CELL_FLASH_CACHE DEFAULT)
  TABLESPACE "USERS" ;
--------------------------------------------------------
--  DDL for Index PRIMARY_18
--------------------------------------------------------

  CREATE UNIQUE INDEX "SCHOOL_WEBSPACE"."PRIMARY_18" ON "SCHOOL_WEBSPACE"."STUDENTSUBJECTREPORT" ("SUBJECT_REPORT") 
  PCTFREE 10 INITRANS 2 MAXTRANS 255 COMPUTE STATISTICS 
  STORAGE(INITIAL 65536 NEXT 1048576 MINEXTENTS 1 MAXEXTENTS 2147483645
  PCTINCREASE 0 FREELISTS 1 FREELIST GROUPS 1 BUFFER_POOL DEFAULT FLASH_CACHE DEFAULT CELL_FLASH_CACHE DEFAULT)
  TABLESPACE "USERS" ;
--------------------------------------------------------
--  DDL for Index PRIMARY_19
--------------------------------------------------------

  CREATE UNIQUE INDEX "SCHOOL_WEBSPACE"."PRIMARY_19" ON "SCHOOL_WEBSPACE"."STUDYMATERIAL" ("USERID", "FILENAME", "UPLOAD_DATE_TIME") 
  PCTFREE 10 INITRANS 2 MAXTRANS 255 COMPUTE STATISTICS 
  STORAGE(INITIAL 65536 NEXT 1048576 MINEXTENTS 1 MAXEXTENTS 2147483645
  PCTINCREASE 0 FREELISTS 1 FREELIST GROUPS 1 BUFFER_POOL DEFAULT FLASH_CACHE DEFAULT CELL_FLASH_CACHE DEFAULT)
  TABLESPACE "USERS" ;
--------------------------------------------------------
--  DDL for Index PRIMARY_2
--------------------------------------------------------

  CREATE UNIQUE INDEX "SCHOOL_WEBSPACE"."PRIMARY_2" ON "SCHOOL_WEBSPACE"."CLASSROOM" ("CLASSROOMID") 
  PCTFREE 10 INITRANS 2 MAXTRANS 255 COMPUTE STATISTICS 
  STORAGE(INITIAL 65536 NEXT 1048576 MINEXTENTS 1 MAXEXTENTS 2147483645
  PCTINCREASE 0 FREELISTS 1 FREELIST GROUPS 1 BUFFER_POOL DEFAULT FLASH_CACHE DEFAULT CELL_FLASH_CACHE DEFAULT)
  TABLESPACE "USERS" ;
--------------------------------------------------------
--  DDL for Index PRIMARY_20
--------------------------------------------------------

  CREATE UNIQUE INDEX "SCHOOL_WEBSPACE"."PRIMARY_20" ON "SCHOOL_WEBSPACE"."SUBJECT" ("SUBJECTID") 
  PCTFREE 10 INITRANS 2 MAXTRANS 255 COMPUTE STATISTICS 
  STORAGE(INITIAL 65536 NEXT 1048576 MINEXTENTS 1 MAXEXTENTS 2147483645
  PCTINCREASE 0 FREELISTS 1 FREELIST GROUPS 1 BUFFER_POOL DEFAULT FLASH_CACHE DEFAULT CELL_FLASH_CACHE DEFAULT)
  TABLESPACE "USERS" ;
--------------------------------------------------------
--  DDL for Index PRIMARY_21
--------------------------------------------------------

  CREATE UNIQUE INDEX "SCHOOL_WEBSPACE"."PRIMARY_21" ON "SCHOOL_WEBSPACE"."TEACHERSUBJECTDIST" ("CLASSID", "SUBJECTID", "USERID") 
  PCTFREE 10 INITRANS 2 MAXTRANS 255 COMPUTE STATISTICS 
  STORAGE(INITIAL 65536 NEXT 1048576 MINEXTENTS 1 MAXEXTENTS 2147483645
  PCTINCREASE 0 FREELISTS 1 FREELIST GROUPS 1 BUFFER_POOL DEFAULT FLASH_CACHE DEFAULT CELL_FLASH_CACHE DEFAULT)
  TABLESPACE "USERS" ;
--------------------------------------------------------
--  DDL for Index PRIMARY_22
--------------------------------------------------------

  CREATE UNIQUE INDEX "SCHOOL_WEBSPACE"."PRIMARY_22" ON "SCHOOL_WEBSPACE"."USERDB" ("USERID") 
  PCTFREE 10 INITRANS 2 MAXTRANS 255 COMPUTE STATISTICS 
  STORAGE(INITIAL 65536 NEXT 1048576 MINEXTENTS 1 MAXEXTENTS 2147483645
  PCTINCREASE 0 FREELISTS 1 FREELIST GROUPS 1 BUFFER_POOL DEFAULT FLASH_CACHE DEFAULT CELL_FLASH_CACHE DEFAULT)
  TABLESPACE "USERS" ;
--------------------------------------------------------
--  DDL for Index PRIMARY_23
--------------------------------------------------------

  CREATE UNIQUE INDEX "SCHOOL_WEBSPACE"."PRIMARY_23" ON "SCHOOL_WEBSPACE"."CLASSATTENDANCEDB" ("CLASSID", "SUBJECTID", "USERID", "DATE_") 
  PCTFREE 10 INITRANS 2 MAXTRANS 255 COMPUTE STATISTICS 
  STORAGE(INITIAL 65536 NEXT 1048576 MINEXTENTS 1 MAXEXTENTS 2147483645
  PCTINCREASE 0 FREELISTS 1 FREELIST GROUPS 1 BUFFER_POOL DEFAULT FLASH_CACHE DEFAULT CELL_FLASH_CACHE DEFAULT)
  TABLESPACE "USERS" ;
--------------------------------------------------------
--  DDL for Index PRIMARY_3
--------------------------------------------------------

  CREATE UNIQUE INDEX "SCHOOL_WEBSPACE"."PRIMARY_3" ON "SCHOOL_WEBSPACE"."CLASSSUBJECTDIST" ("CLASSID", "SUBJECTID") 
  PCTFREE 10 INITRANS 2 MAXTRANS 255 COMPUTE STATISTICS 
  STORAGE(INITIAL 65536 NEXT 1048576 MINEXTENTS 1 MAXEXTENTS 2147483645
  PCTINCREASE 0 FREELISTS 1 FREELIST GROUPS 1 BUFFER_POOL DEFAULT FLASH_CACHE DEFAULT CELL_FLASH_CACHE DEFAULT)
  TABLESPACE "USERS" ;
--------------------------------------------------------
--  DDL for Index PRIMARY_4
--------------------------------------------------------

  CREATE UNIQUE INDEX "SCHOOL_WEBSPACE"."PRIMARY_4" ON "SCHOOL_WEBSPACE"."CLASSTIMETABLE" ("SUBJECTID") 
  PCTFREE 10 INITRANS 2 MAXTRANS 255 COMPUTE STATISTICS 
  STORAGE(INITIAL 65536 NEXT 1048576 MINEXTENTS 1 MAXEXTENTS 2147483645
  PCTINCREASE 0 FREELISTS 1 FREELIST GROUPS 1 BUFFER_POOL DEFAULT FLASH_CACHE DEFAULT CELL_FLASH_CACHE DEFAULT)
  TABLESPACE "USERS" ;
--------------------------------------------------------
--  DDL for Index PRIMARY_5
--------------------------------------------------------

  CREATE UNIQUE INDEX "SCHOOL_WEBSPACE"."PRIMARY_5" ON "SCHOOL_WEBSPACE"."EXAM" ("EXAMID") 
  PCTFREE 10 INITRANS 2 MAXTRANS 255 COMPUTE STATISTICS 
  STORAGE(INITIAL 65536 NEXT 1048576 MINEXTENTS 1 MAXEXTENTS 2147483645
  PCTINCREASE 0 FREELISTS 1 FREELIST GROUPS 1 BUFFER_POOL DEFAULT FLASH_CACHE DEFAULT CELL_FLASH_CACHE DEFAULT)
  TABLESPACE "USERS" ;
--------------------------------------------------------
--  DDL for Index PRIMARY_6
--------------------------------------------------------

  CREATE UNIQUE INDEX "SCHOOL_WEBSPACE"."PRIMARY_6" ON "SCHOOL_WEBSPACE"."EXAMENROLLDB" ("EXAMID", "USERID") 
  PCTFREE 10 INITRANS 2 MAXTRANS 255 COMPUTE STATISTICS 
  STORAGE(INITIAL 65536 NEXT 1048576 MINEXTENTS 1 MAXEXTENTS 2147483645
  PCTINCREASE 0 FREELISTS 1 FREELIST GROUPS 1 BUFFER_POOL DEFAULT FLASH_CACHE DEFAULT CELL_FLASH_CACHE DEFAULT)
  TABLESPACE "USERS" ;
--------------------------------------------------------
--  DDL for Index PRIMARY_7
--------------------------------------------------------

  CREATE UNIQUE INDEX "SCHOOL_WEBSPACE"."PRIMARY_7" ON "SCHOOL_WEBSPACE"."EXAMHALLTICKETDB" ("EXAMID", "USERID") 
  PCTFREE 10 INITRANS 2 MAXTRANS 255 COMPUTE STATISTICS 
  STORAGE(INITIAL 65536 NEXT 1048576 MINEXTENTS 1 MAXEXTENTS 2147483645
  PCTINCREASE 0 FREELISTS 1 FREELIST GROUPS 1 BUFFER_POOL DEFAULT FLASH_CACHE DEFAULT CELL_FLASH_CACHE DEFAULT)
  TABLESPACE "USERS" ;
--------------------------------------------------------
--  DDL for Index PRIMARY_8
--------------------------------------------------------

  CREATE UNIQUE INDEX "SCHOOL_WEBSPACE"."PRIMARY_8" ON "SCHOOL_WEBSPACE"."EXAMRESULTDB" ("EXAMID", "USERID") 
  PCTFREE 10 INITRANS 2 MAXTRANS 255 COMPUTE STATISTICS 
  STORAGE(INITIAL 65536 NEXT 1048576 MINEXTENTS 1 MAXEXTENTS 2147483645
  PCTINCREASE 0 FREELISTS 1 FREELIST GROUPS 1 BUFFER_POOL DEFAULT FLASH_CACHE DEFAULT CELL_FLASH_CACHE DEFAULT)
  TABLESPACE "USERS" ;
--------------------------------------------------------
--  DDL for Index PRIMARY_9
--------------------------------------------------------

  CREATE UNIQUE INDEX "SCHOOL_WEBSPACE"."PRIMARY_9" ON "SCHOOL_WEBSPACE"."EXAMSTATUS" ("EXAM_STATUS_ID") 
  PCTFREE 10 INITRANS 2 MAXTRANS 255 COMPUTE STATISTICS 
  STORAGE(INITIAL 65536 NEXT 1048576 MINEXTENTS 1 MAXEXTENTS 2147483645
  PCTINCREASE 0 FREELISTS 1 FREELIST GROUPS 1 BUFFER_POOL DEFAULT FLASH_CACHE DEFAULT CELL_FLASH_CACHE DEFAULT)
  TABLESPACE "USERS" ;
--------------------------------------------------------
--  DDL for Index STAFFACCOUNTSDB_IBFK_2
--------------------------------------------------------

  CREATE INDEX "SCHOOL_WEBSPACE"."STAFFACCOUNTSDB_IBFK_2" ON "SCHOOL_WEBSPACE"."STAFFACCOUNTSDB" ("SALARYSTATUSID") 
  PCTFREE 10 INITRANS 2 MAXTRANS 255 COMPUTE STATISTICS 
  STORAGE(INITIAL 65536 NEXT 1048576 MINEXTENTS 1 MAXEXTENTS 2147483645
  PCTINCREASE 0 FREELISTS 1 FREELIST GROUPS 1 BUFFER_POOL DEFAULT FLASH_CACHE DEFAULT CELL_FLASH_CACHE DEFAULT)
  TABLESPACE "USERS" ;
--------------------------------------------------------
--  DDL for Index STAFFINFODB_IBFK_2
--------------------------------------------------------

  CREATE INDEX "SCHOOL_WEBSPACE"."STAFFINFODB_IBFK_2" ON "SCHOOL_WEBSPACE"."STAFFINFODB" ("USERTYPEID") 
  PCTFREE 10 INITRANS 2 MAXTRANS 255 COMPUTE STATISTICS 
  STORAGE(INITIAL 65536 NEXT 1048576 MINEXTENTS 1 MAXEXTENTS 2147483645
  PCTINCREASE 0 FREELISTS 1 FREELIST GROUPS 1 BUFFER_POOL DEFAULT FLASH_CACHE DEFAULT CELL_FLASH_CACHE DEFAULT)
  TABLESPACE "USERS" ;
--------------------------------------------------------
--  DDL for Index STUDENTINFODB_IBFK_1
--------------------------------------------------------

  CREATE INDEX "SCHOOL_WEBSPACE"."STUDENTINFODB_IBFK_1" ON "SCHOOL_WEBSPACE"."STUDENTINFODB" ("USERID") 
  PCTFREE 10 INITRANS 2 MAXTRANS 255 COMPUTE STATISTICS 
  STORAGE(INITIAL 65536 NEXT 1048576 MINEXTENTS 1 MAXEXTENTS 2147483645
  PCTINCREASE 0 FREELISTS 1 FREELIST GROUPS 1 BUFFER_POOL DEFAULT FLASH_CACHE DEFAULT CELL_FLASH_CACHE DEFAULT)
  TABLESPACE "USERS" ;
--------------------------------------------------------
--  DDL for Index STUDENTINFODB_IBFK_2
--------------------------------------------------------

  CREATE INDEX "SCHOOL_WEBSPACE"."STUDENTINFODB_IBFK_2" ON "SCHOOL_WEBSPACE"."STUDENTINFODB" ("CLASSID") 
  PCTFREE 10 INITRANS 2 MAXTRANS 255 COMPUTE STATISTICS 
  STORAGE(INITIAL 65536 NEXT 1048576 MINEXTENTS 1 MAXEXTENTS 2147483645
  PCTINCREASE 0 FREELISTS 1 FREELIST GROUPS 1 BUFFER_POOL DEFAULT FLASH_CACHE DEFAULT CELL_FLASH_CACHE DEFAULT)
  TABLESPACE "USERS" ;
--------------------------------------------------------
--  DDL for Index STUDENTSUBJECTDIST_IBFK_1
--------------------------------------------------------

  CREATE INDEX "SCHOOL_WEBSPACE"."STUDENTSUBJECTDIST_IBFK_1" ON "SCHOOL_WEBSPACE"."STUDENTSUBJECTDIST" ("USERID", "CLASSID") 
  PCTFREE 10 INITRANS 2 MAXTRANS 255 COMPUTE STATISTICS 
  STORAGE(INITIAL 65536 NEXT 1048576 MINEXTENTS 1 MAXEXTENTS 2147483645
  PCTINCREASE 0 FREELISTS 1 FREELIST GROUPS 1 BUFFER_POOL DEFAULT FLASH_CACHE DEFAULT CELL_FLASH_CACHE DEFAULT)
  TABLESPACE "USERS" ;
--------------------------------------------------------
--  DDL for Index STUDENTSUBJECTDIST_IBFK_2
--------------------------------------------------------

  CREATE INDEX "SCHOOL_WEBSPACE"."STUDENTSUBJECTDIST_IBFK_2" ON "SCHOOL_WEBSPACE"."STUDENTSUBJECTDIST" ("SUBJECTID") 
  PCTFREE 10 INITRANS 2 MAXTRANS 255 COMPUTE STATISTICS 
  STORAGE(INITIAL 65536 NEXT 1048576 MINEXTENTS 1 MAXEXTENTS 2147483645
  PCTINCREASE 0 FREELISTS 1 FREELIST GROUPS 1 BUFFER_POOL DEFAULT FLASH_CACHE DEFAULT CELL_FLASH_CACHE DEFAULT)
  TABLESPACE "USERS" ;
--------------------------------------------------------
--  DDL for Index STUDENTSUBJECTDIST_IBFK_3
--------------------------------------------------------

  CREATE INDEX "SCHOOL_WEBSPACE"."STUDENTSUBJECTDIST_IBFK_3" ON "SCHOOL_WEBSPACE"."STUDENTSUBJECTDIST" ("SUBJECT_REPORT") 
  PCTFREE 10 INITRANS 2 MAXTRANS 255 COMPUTE STATISTICS 
  STORAGE(INITIAL 65536 NEXT 1048576 MINEXTENTS 1 MAXEXTENTS 2147483645
  PCTINCREASE 0 FREELISTS 1 FREELIST GROUPS 1 BUFFER_POOL DEFAULT FLASH_CACHE DEFAULT CELL_FLASH_CACHE DEFAULT)
  TABLESPACE "USERS" ;
--------------------------------------------------------
--  DDL for Index TEACHERSUBJECTDIST_IBFK_2
--------------------------------------------------------

  CREATE INDEX "SCHOOL_WEBSPACE"."TEACHERSUBJECTDIST_IBFK_2" ON "SCHOOL_WEBSPACE"."TEACHERSUBJECTDIST" ("SUBJECTID") 
  PCTFREE 10 INITRANS 2 MAXTRANS 255 COMPUTE STATISTICS 
  STORAGE(INITIAL 65536 NEXT 1048576 MINEXTENTS 1 MAXEXTENTS 2147483645
  PCTINCREASE 0 FREELISTS 1 FREELIST GROUPS 1 BUFFER_POOL DEFAULT FLASH_CACHE DEFAULT CELL_FLASH_CACHE DEFAULT)
  TABLESPACE "USERS" ;
--------------------------------------------------------
--  DDL for Index TEACHERSUBJECTDIST_IBFK_3
--------------------------------------------------------

  CREATE INDEX "SCHOOL_WEBSPACE"."TEACHERSUBJECTDIST_IBFK_3" ON "SCHOOL_WEBSPACE"."TEACHERSUBJECTDIST" ("USERID") 
  PCTFREE 10 INITRANS 2 MAXTRANS 255 COMPUTE STATISTICS 
  STORAGE(INITIAL 65536 NEXT 1048576 MINEXTENTS 1 MAXEXTENTS 2147483645
  PCTINCREASE 0 FREELISTS 1 FREELIST GROUPS 1 BUFFER_POOL DEFAULT FLASH_CACHE DEFAULT CELL_FLASH_CACHE DEFAULT)
  TABLESPACE "USERS" ;
--------------------------------------------------------
--  DDL for Trigger CLASSROOM_CLASSROOMID_TRG
--------------------------------------------------------

  CREATE OR REPLACE TRIGGER "SCHOOL_WEBSPACE"."CLASSROOM_CLASSROOMID_TRG" BEFORE INSERT ON classroom
FOR EACH ROW
DECLARE 
v_newVal NUMBER(12) := 0;
v_incval NUMBER(12) := 0;
BEGIN
  IF INSERTING AND :new.classroomid IS NULL THEN
    SELECT  classroom_classroomid_SEQ.NEXTVAL INTO v_newVal FROM DUAL;
    -- If this is the first time this table have been inserted into (sequence == 1)
    IF v_newVal = 1 THEN 
      --get the max indentity value from the table
      SELECT NVL(max(classroomid),0) INTO v_newVal FROM classroom;
      v_newVal := v_newVal + 1;
      --set the sequence to that value
      LOOP
           EXIT WHEN v_incval>=v_newVal;
           SELECT classroom_classroomid_SEQ.nextval INTO v_incval FROM dual;
      END LOOP;
    END IF;
    --used to emulate LAST_INSERT_ID()
    --mysql_utilities.identity := v_newVal; 
   -- assign the value from the sequence to emulate the identity column
   :new.classroomid := v_newVal;
  END IF;
END;




/
ALTER TRIGGER "SCHOOL_WEBSPACE"."CLASSROOM_CLASSROOMID_TRG" ENABLE;
--------------------------------------------------------
--  DDL for Trigger CLASS_CLASSROOMID_TRG
--------------------------------------------------------

  CREATE OR REPLACE TRIGGER "SCHOOL_WEBSPACE"."CLASS_CLASSROOMID_TRG" BEFORE INSERT ON class
FOR EACH ROW
DECLARE 
v_newVal NUMBER(12) := 0;
v_incval NUMBER(12) := 0;
BEGIN
  IF INSERTING AND :new.classroomid IS NULL THEN
    SELECT  class_classroomid_SEQ.NEXTVAL INTO v_newVal FROM DUAL;
    -- If this is the first time this table have been inserted into (sequence == 1)
    IF v_newVal = 1 THEN 
      --get the max indentity value from the table
      SELECT NVL(max(classroomid),0) INTO v_newVal FROM class;
      v_newVal := v_newVal + 1;
      --set the sequence to that value
      LOOP
           EXIT WHEN v_incval>=v_newVal;
           SELECT class_classroomid_SEQ.nextval INTO v_incval FROM dual;
      END LOOP;
    END IF;
    --used to emulate LAST_INSERT_ID()
    --mysql_utilities.identity := v_newVal; 
   -- assign the value from the sequence to emulate the identity column
   :new.classroomid := v_newVal;
  END IF;
END;




/
ALTER TRIGGER "SCHOOL_WEBSPACE"."CLASS_CLASSROOMID_TRG" ENABLE;
--------------------------------------------------------
--  DDL for Trigger CLASS_SIZE_TRG
--------------------------------------------------------

  CREATE OR REPLACE TRIGGER "SCHOOL_WEBSPACE"."CLASS_SIZE_TRG" 
after insert or update or delete 
on studentinfodb
for each row
begin
    update class
    set class.class_size = select count(studentinfodb.userid) 
    where studentinfodb.classid = class.classid
end;


/
ALTER TRIGGER "SCHOOL_WEBSPACE"."CLASS_SIZE_TRG" ENABLE;
--------------------------------------------------------
--  DDL for Trigger EXAMSTATUS_EXAM_STATUS_ID_TRG
--------------------------------------------------------

  CREATE OR REPLACE TRIGGER "SCHOOL_WEBSPACE"."EXAMSTATUS_EXAM_STATUS_ID_TRG" BEFORE INSERT ON examstatus
FOR EACH ROW
DECLARE 
v_newVal NUMBER(12) := 0;
v_incval NUMBER(12) := 0;
BEGIN
  IF INSERTING AND :new.exam_status_id IS NULL THEN
    SELECT  examstatus_exam_status_id_SEQ.NEXTVAL INTO v_newVal FROM DUAL;
    -- If this is the first time this table have been inserted into (sequence == 1)
    IF v_newVal = 1 THEN 
      --get the max indentity value from the table
      SELECT NVL(max(exam_status_id),0) INTO v_newVal FROM examstatus;
      v_newVal := v_newVal + 1;
      --set the sequence to that value
      LOOP
           EXIT WHEN v_incval>=v_newVal;
           SELECT examstatus_exam_status_id_SEQ.nextval INTO v_incval FROM dual;
      END LOOP;
    END IF;
    --used to emulate LAST_INSERT_ID()
    --mysql_utilities.identity := v_newVal; 
   -- assign the value from the sequence to emulate the identity column
   :new.exam_status_id := v_newVal;
  END IF;
END;




/
ALTER TRIGGER "SCHOOL_WEBSPACE"."EXAMSTATUS_EXAM_STATUS_ID_TRG" ENABLE;
--------------------------------------------------------
--  DDL for Trigger EXAM_EXAMID_TRG
--------------------------------------------------------

  CREATE OR REPLACE TRIGGER "SCHOOL_WEBSPACE"."EXAM_EXAMID_TRG" BEFORE INSERT ON exam
FOR EACH ROW
DECLARE 
v_newVal NUMBER(12) := 0;
v_incval NUMBER(12) := 0;
BEGIN
  IF INSERTING AND :new.examid IS NULL THEN
    SELECT  exam_examid_SEQ.NEXTVAL INTO v_newVal FROM DUAL;
    -- If this is the first time this table have been inserted into (sequence == 1)
    IF v_newVal = 1 THEN 
      --get the max indentity value from the table
      SELECT NVL(max(examid),0) INTO v_newVal FROM exam;
      v_newVal := v_newVal + 1;
      --set the sequence to that value
      LOOP
           EXIT WHEN v_incval>=v_newVal;
           SELECT exam_examid_SEQ.nextval INTO v_incval FROM dual;
      END LOOP;
    END IF;
    --used to emulate LAST_INSERT_ID()
    --mysql_utilities.identity := v_newVal; 
   -- assign the value from the sequence to emulate the identity column
   :new.examid := v_newVal;
  END IF;
END;




/
ALTER TRIGGER "SCHOOL_WEBSPACE"."EXAM_EXAMID_TRG" ENABLE;
--------------------------------------------------------
--  DDL for Trigger NEWSEVENTSDB_NEWSEVENTID_TRG
--------------------------------------------------------

  CREATE OR REPLACE TRIGGER "SCHOOL_WEBSPACE"."NEWSEVENTSDB_NEWSEVENTID_TRG" BEFORE INSERT ON newseventsdb
FOR EACH ROW
DECLARE 
v_newVal NUMBER(12) := 0;
v_incval NUMBER(12) := 0;
BEGIN
  IF INSERTING AND :new.newseventid IS NULL THEN
    SELECT  newseventsdb_newseventid_SEQ.NEXTVAL INTO v_newVal FROM DUAL;
    -- If this is the first time this table have been inserted into (sequence == 1)
    IF v_newVal = 1 THEN 
      --get the max indentity value from the table
      SELECT NVL(max(newseventid),0) INTO v_newVal FROM newseventsdb;
      v_newVal := v_newVal + 1;
      --set the sequence to that value
      LOOP
           EXIT WHEN v_incval>=v_newVal;
           SELECT newseventsdb_newseventid_SEQ.nextval INTO v_incval FROM dual;
      END LOOP;
    END IF;
    --used to emulate LAST_INSERT_ID()
    --mysql_utilities.identity := v_newVal; 
   -- assign the value from the sequence to emulate the identity column
   :new.newseventid := v_newVal;
  END IF;
END;




/
ALTER TRIGGER "SCHOOL_WEBSPACE"."NEWSEVENTSDB_NEWSEVENTID_TRG" ENABLE;
--------------------------------------------------------
--  DDL for Trigger SALARYSTATUS_SALARYSTATUSID_TR
--------------------------------------------------------

  CREATE OR REPLACE TRIGGER "SCHOOL_WEBSPACE"."SALARYSTATUS_SALARYSTATUSID_TR" BEFORE INSERT ON salarystatus
FOR EACH ROW
DECLARE 
v_newVal NUMBER(12) := 0;
v_incval NUMBER(12) := 0;
BEGIN
  IF INSERTING AND :new.salarystatusid IS NULL THEN
    SELECT  salarystatus_salarystatusid_SE.NEXTVAL INTO v_newVal FROM DUAL;
    -- If this is the first time this table have been inserted into (sequence == 1)
    IF v_newVal = 1 THEN 
      --get the max indentity value from the table
      SELECT NVL(max(salarystatusid),0) INTO v_newVal FROM salarystatus;
      v_newVal := v_newVal + 1;
      --set the sequence to that value
      LOOP
           EXIT WHEN v_incval>=v_newVal;
           SELECT salarystatus_salarystatusid_SE.nextval INTO v_incval FROM dual;
      END LOOP;
    END IF;
    --used to emulate LAST_INSERT_ID()
    --mysql_utilities.identity := v_newVal; 
   -- assign the value from the sequence to emulate the identity column
   :new.salarystatusid := v_newVal;
  END IF;
END;




/
ALTER TRIGGER "SCHOOL_WEBSPACE"."SALARYSTATUS_SALARYSTATUSID_TR" ENABLE;
--------------------------------------------------------
--  DDL for Trigger STUDENTSUBJECTREPORT_SUBJECT_1
--------------------------------------------------------

  CREATE OR REPLACE TRIGGER "SCHOOL_WEBSPACE"."STUDENTSUBJECTREPORT_SUBJECT_1" BEFORE INSERT ON studentsubjectreport
FOR EACH ROW
DECLARE 
v_newVal NUMBER(12) := 0;
v_incval NUMBER(12) := 0;
BEGIN
  IF INSERTING AND :new.subject_report IS NULL THEN
    SELECT  studentsubjectreport_subject_r.NEXTVAL INTO v_newVal FROM DUAL;
    -- If this is the first time this table have been inserted into (sequence == 1)
    IF v_newVal = 1 THEN 
      --get the max indentity value from the table
      SELECT NVL(max(subject_report),0) INTO v_newVal FROM studentsubjectreport;
      v_newVal := v_newVal + 1;
      --set the sequence to that value
      LOOP
           EXIT WHEN v_incval>=v_newVal;
           SELECT studentsubjectreport_subject_r.nextval INTO v_incval FROM dual;
      END LOOP;
    END IF;
    --used to emulate LAST_INSERT_ID()
    --mysql_utilities.identity := v_newVal; 
   -- assign the value from the sequence to emulate the identity column
   :new.subject_report := v_newVal;
  END IF;
END;




/
ALTER TRIGGER "SCHOOL_WEBSPACE"."STUDENTSUBJECTREPORT_SUBJECT_1" ENABLE;
--------------------------------------------------------
--  DDL for Trigger SUBJECT_SUBJECTID_TRG
--------------------------------------------------------

  CREATE OR REPLACE TRIGGER "SCHOOL_WEBSPACE"."SUBJECT_SUBJECTID_TRG" BEFORE INSERT ON subject
FOR EACH ROW
DECLARE 
v_newVal NUMBER(12) := 0;
v_incval NUMBER(12) := 0;
BEGIN
  IF INSERTING AND :new.subjectid IS NULL THEN
    SELECT  subject_subjectid_SEQ.NEXTVAL INTO v_newVal FROM DUAL;
    -- If this is the first time this table have been inserted into (sequence == 1)
    IF v_newVal = 1 THEN 
      --get the max indentity value from the table
      SELECT NVL(max(subjectid),0) INTO v_newVal FROM subject;
      v_newVal := v_newVal + 1;
      --set the sequence to that value
      LOOP
           EXIT WHEN v_incval>=v_newVal;
           SELECT subject_subjectid_SEQ.nextval INTO v_incval FROM dual;
      END LOOP;
    END IF;
    --used to emulate LAST_INSERT_ID()
    --mysql_utilities.identity := v_newVal; 
   -- assign the value from the sequence to emulate the identity column
   :new.subjectid := v_newVal;
  END IF;
END;




/
ALTER TRIGGER "SCHOOL_WEBSPACE"."SUBJECT_SUBJECTID_TRG" ENABLE;
--------------------------------------------------------
--  DDL for Trigger USERDB_USERID_TRG
--------------------------------------------------------

  CREATE OR REPLACE TRIGGER "SCHOOL_WEBSPACE"."USERDB_USERID_TRG" BEFORE INSERT ON userdb
FOR EACH ROW
DECLARE 
v_newVal NUMBER(12) := 0;
v_incval NUMBER(12) := 0;
BEGIN
  IF INSERTING AND :new.userid IS NULL THEN
    SELECT  userdb_userid_SEQ.NEXTVAL INTO v_newVal FROM DUAL;
    -- If this is the first time this table have been inserted into (sequence == 1)
    IF v_newVal = 1 THEN 
      --get the max indentity value from the table
      SELECT NVL(max(userid),0) INTO v_newVal FROM userdb;
      v_newVal := v_newVal + 1;
      --set the sequence to that value
      LOOP
           EXIT WHEN v_incval>=v_newVal;
           SELECT userdb_userid_SEQ.nextval INTO v_incval FROM dual;
      END LOOP;
    END IF;
    --used to emulate LAST_INSERT_ID()
    --mysql_utilities.identity := v_newVal; 
   -- assign the value from the sequence to emulate the identity column
   :new.userid := v_newVal;
  END IF;
END;




/
ALTER TRIGGER "SCHOOL_WEBSPACE"."USERDB_USERID_TRG" ENABLE;
--------------------------------------------------------
--  DDL for Synonymn DUAL
--------------------------------------------------------

  CREATE OR REPLACE PUBLIC SYNONYM "DUAL" FOR "SYS"."DUAL";
--------------------------------------------------------
--  Constraints for Table CLASS
--------------------------------------------------------

  ALTER TABLE "SCHOOL_WEBSPACE"."CLASS" ADD CONSTRAINT "PRIMARY" PRIMARY KEY ("CLASSID")
  USING INDEX PCTFREE 10 INITRANS 2 MAXTRANS 255 COMPUTE STATISTICS 
  STORAGE(INITIAL 65536 NEXT 1048576 MINEXTENTS 1 MAXEXTENTS 2147483645
  PCTINCREASE 0 FREELISTS 1 FREELIST GROUPS 1 BUFFER_POOL DEFAULT FLASH_CACHE DEFAULT CELL_FLASH_CACHE DEFAULT)
  TABLESPACE "USERS"  ENABLE;
  ALTER TABLE "SCHOOL_WEBSPACE"."CLASS" MODIFY ("CLASSROOMID" NOT NULL ENABLE);
  ALTER TABLE "SCHOOL_WEBSPACE"."CLASS" MODIFY ("CLASS_SIZE" NOT NULL ENABLE);
  ALTER TABLE "SCHOOL_WEBSPACE"."CLASS" MODIFY ("CLASS_CAPACITY" NOT NULL ENABLE);
  ALTER TABLE "SCHOOL_WEBSPACE"."CLASS" MODIFY ("CLASSID" NOT NULL ENABLE);
--------------------------------------------------------
--  Constraints for Table CLASSATTENDANCEDB
--------------------------------------------------------

  ALTER TABLE "SCHOOL_WEBSPACE"."CLASSATTENDANCEDB" ADD CONSTRAINT "PRIMARY_23" PRIMARY KEY ("CLASSID", "SUBJECTID", "USERID", "DATE_")
  USING INDEX PCTFREE 10 INITRANS 2 MAXTRANS 255 COMPUTE STATISTICS 
  STORAGE(INITIAL 65536 NEXT 1048576 MINEXTENTS 1 MAXEXTENTS 2147483645
  PCTINCREASE 0 FREELISTS 1 FREELIST GROUPS 1 BUFFER_POOL DEFAULT FLASH_CACHE DEFAULT CELL_FLASH_CACHE DEFAULT)
  TABLESPACE "USERS"  ENABLE;
  ALTER TABLE "SCHOOL_WEBSPACE"."CLASSATTENDANCEDB" MODIFY ("DATE_" NOT NULL ENABLE);
  ALTER TABLE "SCHOOL_WEBSPACE"."CLASSATTENDANCEDB" MODIFY ("SUBJECTID" NOT NULL ENABLE);
  ALTER TABLE "SCHOOL_WEBSPACE"."CLASSATTENDANCEDB" MODIFY ("CLASSID" NOT NULL ENABLE);
  ALTER TABLE "SCHOOL_WEBSPACE"."CLASSATTENDANCEDB" MODIFY ("USERID" NOT NULL ENABLE);
--------------------------------------------------------
--  Constraints for Table CLASSROOM
--------------------------------------------------------

  ALTER TABLE "SCHOOL_WEBSPACE"."CLASSROOM" MODIFY ("OCCUPANCY" NOT NULL ENABLE);
  ALTER TABLE "SCHOOL_WEBSPACE"."CLASSROOM" ADD CONSTRAINT "PRIMARY_2" PRIMARY KEY ("CLASSROOMID")
  USING INDEX PCTFREE 10 INITRANS 2 MAXTRANS 255 COMPUTE STATISTICS 
  STORAGE(INITIAL 65536 NEXT 1048576 MINEXTENTS 1 MAXEXTENTS 2147483645
  PCTINCREASE 0 FREELISTS 1 FREELIST GROUPS 1 BUFFER_POOL DEFAULT FLASH_CACHE DEFAULT CELL_FLASH_CACHE DEFAULT)
  TABLESPACE "USERS"  ENABLE;
  ALTER TABLE "SCHOOL_WEBSPACE"."CLASSROOM" MODIFY ("CAPACITY" NOT NULL ENABLE);
  ALTER TABLE "SCHOOL_WEBSPACE"."CLASSROOM" MODIFY ("CLASSROOMID" NOT NULL ENABLE);
--------------------------------------------------------
--  Constraints for Table CLASSSUBJECTDIST
--------------------------------------------------------

  ALTER TABLE "SCHOOL_WEBSPACE"."CLASSSUBJECTDIST" ADD CONSTRAINT "PRIMARY_3" PRIMARY KEY ("CLASSID", "SUBJECTID")
  USING INDEX PCTFREE 10 INITRANS 2 MAXTRANS 255 COMPUTE STATISTICS 
  STORAGE(INITIAL 65536 NEXT 1048576 MINEXTENTS 1 MAXEXTENTS 2147483645
  PCTINCREASE 0 FREELISTS 1 FREELIST GROUPS 1 BUFFER_POOL DEFAULT FLASH_CACHE DEFAULT CELL_FLASH_CACHE DEFAULT)
  TABLESPACE "USERS"  ENABLE;
  ALTER TABLE "SCHOOL_WEBSPACE"."CLASSSUBJECTDIST" MODIFY ("SUBJECTID" NOT NULL ENABLE);
  ALTER TABLE "SCHOOL_WEBSPACE"."CLASSSUBJECTDIST" MODIFY ("CLASSID" NOT NULL ENABLE);
--------------------------------------------------------
--  Constraints for Table CLASSTIMETABLE
--------------------------------------------------------

  ALTER TABLE "SCHOOL_WEBSPACE"."CLASSTIMETABLE" ADD CONSTRAINT "PRIMARY_4" PRIMARY KEY ("SUBJECTID")
  USING INDEX PCTFREE 10 INITRANS 2 MAXTRANS 255 COMPUTE STATISTICS 
  STORAGE(INITIAL 65536 NEXT 1048576 MINEXTENTS 1 MAXEXTENTS 2147483645
  PCTINCREASE 0 FREELISTS 1 FREELIST GROUPS 1 BUFFER_POOL DEFAULT FLASH_CACHE DEFAULT CELL_FLASH_CACHE DEFAULT)
  TABLESPACE "USERS"  ENABLE;
  ALTER TABLE "SCHOOL_WEBSPACE"."CLASSTIMETABLE" MODIFY ("END_TIME" NOT NULL ENABLE);
  ALTER TABLE "SCHOOL_WEBSPACE"."CLASSTIMETABLE" MODIFY ("START_TIME" NOT NULL ENABLE);
  ALTER TABLE "SCHOOL_WEBSPACE"."CLASSTIMETABLE" MODIFY ("SUBJECTID" NOT NULL ENABLE);
--------------------------------------------------------
--  Constraints for Table EXAM
--------------------------------------------------------

  ALTER TABLE "SCHOOL_WEBSPACE"."EXAM" ADD CONSTRAINT "PRIMARY_5" PRIMARY KEY ("EXAMID")
  USING INDEX PCTFREE 10 INITRANS 2 MAXTRANS 255 COMPUTE STATISTICS 
  STORAGE(INITIAL 65536 NEXT 1048576 MINEXTENTS 1 MAXEXTENTS 2147483645
  PCTINCREASE 0 FREELISTS 1 FREELIST GROUPS 1 BUFFER_POOL DEFAULT FLASH_CACHE DEFAULT CELL_FLASH_CACHE DEFAULT)
  TABLESPACE "USERS"  ENABLE;
  ALTER TABLE "SCHOOL_WEBSPACE"."EXAM" MODIFY ("EXAM_STATUS_ID" NOT NULL ENABLE);
  ALTER TABLE "SCHOOL_WEBSPACE"."EXAM" MODIFY ("MARKS" NOT NULL ENABLE);
  ALTER TABLE "SCHOOL_WEBSPACE"."EXAM" MODIFY ("DURATION" NOT NULL ENABLE);
  ALTER TABLE "SCHOOL_WEBSPACE"."EXAM" MODIFY ("DATE_" NOT NULL ENABLE);
  ALTER TABLE "SCHOOL_WEBSPACE"."EXAM" MODIFY ("EXAM_LOCATION" NOT NULL ENABLE);
  ALTER TABLE "SCHOOL_WEBSPACE"."EXAM" MODIFY ("SUBJECTID" NOT NULL ENABLE);
  ALTER TABLE "SCHOOL_WEBSPACE"."EXAM" MODIFY ("CLASSID" NOT NULL ENABLE);
  ALTER TABLE "SCHOOL_WEBSPACE"."EXAM" MODIFY ("EXAMID" NOT NULL ENABLE);
--------------------------------------------------------
--  Constraints for Table EXAMENROLLDB
--------------------------------------------------------

  ALTER TABLE "SCHOOL_WEBSPACE"."EXAMENROLLDB" ADD CONSTRAINT "PRIMARY_6" PRIMARY KEY ("EXAMID", "USERID")
  USING INDEX PCTFREE 10 INITRANS 2 MAXTRANS 255 COMPUTE STATISTICS 
  STORAGE(INITIAL 65536 NEXT 1048576 MINEXTENTS 1 MAXEXTENTS 2147483645
  PCTINCREASE 0 FREELISTS 1 FREELIST GROUPS 1 BUFFER_POOL DEFAULT FLASH_CACHE DEFAULT CELL_FLASH_CACHE DEFAULT)
  TABLESPACE "USERS"  ENABLE;
  ALTER TABLE "SCHOOL_WEBSPACE"."EXAMENROLLDB" MODIFY ("EXAM_STATUS_ID" NOT NULL ENABLE);
  ALTER TABLE "SCHOOL_WEBSPACE"."EXAMENROLLDB" MODIFY ("EXAMID" NOT NULL ENABLE);
  ALTER TABLE "SCHOOL_WEBSPACE"."EXAMENROLLDB" MODIFY ("USERID" NOT NULL ENABLE);
--------------------------------------------------------
--  Constraints for Table EXAMHALLTICKETDB
--------------------------------------------------------

  ALTER TABLE "SCHOOL_WEBSPACE"."EXAMHALLTICKETDB" ADD CONSTRAINT "PRIMARY_7" PRIMARY KEY ("EXAMID", "USERID")
  USING INDEX PCTFREE 10 INITRANS 2 MAXTRANS 255 COMPUTE STATISTICS 
  STORAGE(INITIAL 65536 NEXT 1048576 MINEXTENTS 1 MAXEXTENTS 2147483645
  PCTINCREASE 0 FREELISTS 1 FREELIST GROUPS 1 BUFFER_POOL DEFAULT FLASH_CACHE DEFAULT CELL_FLASH_CACHE DEFAULT)
  TABLESPACE "USERS"  ENABLE;
  ALTER TABLE "SCHOOL_WEBSPACE"."EXAMHALLTICKETDB" MODIFY ("EXAM_HALLTICKET" NOT NULL ENABLE);
  ALTER TABLE "SCHOOL_WEBSPACE"."EXAMHALLTICKETDB" MODIFY ("EXAMID" NOT NULL ENABLE);
  ALTER TABLE "SCHOOL_WEBSPACE"."EXAMHALLTICKETDB" MODIFY ("USERID" NOT NULL ENABLE);
--------------------------------------------------------
--  Constraints for Table EXAMRESULTDB
--------------------------------------------------------

  ALTER TABLE "SCHOOL_WEBSPACE"."EXAMRESULTDB" ADD CONSTRAINT "PRIMARY_8" PRIMARY KEY ("EXAMID", "USERID")
  USING INDEX PCTFREE 10 INITRANS 2 MAXTRANS 255 COMPUTE STATISTICS 
  STORAGE(INITIAL 65536 NEXT 1048576 MINEXTENTS 1 MAXEXTENTS 2147483645
  PCTINCREASE 0 FREELISTS 1 FREELIST GROUPS 1 BUFFER_POOL DEFAULT FLASH_CACHE DEFAULT CELL_FLASH_CACHE DEFAULT)
  TABLESPACE "USERS"  ENABLE;
  ALTER TABLE "SCHOOL_WEBSPACE"."EXAMRESULTDB" MODIFY ("ANSWER_SHEET" NOT NULL ENABLE);
  ALTER TABLE "SCHOOL_WEBSPACE"."EXAMRESULTDB" MODIFY ("GRADE" NOT NULL ENABLE);
  ALTER TABLE "SCHOOL_WEBSPACE"."EXAMRESULTDB" MODIFY ("STUDENT_MARKS" NOT NULL ENABLE);
  ALTER TABLE "SCHOOL_WEBSPACE"."EXAMRESULTDB" MODIFY ("EXAMID" NOT NULL ENABLE);
  ALTER TABLE "SCHOOL_WEBSPACE"."EXAMRESULTDB" MODIFY ("USERID" NOT NULL ENABLE);
--------------------------------------------------------
--  Constraints for Table EXAMSTATUS
--------------------------------------------------------

  ALTER TABLE "SCHOOL_WEBSPACE"."EXAMSTATUS" ADD CONSTRAINT "PRIMARY_9" PRIMARY KEY ("EXAM_STATUS_ID")
  USING INDEX PCTFREE 10 INITRANS 2 MAXTRANS 255 COMPUTE STATISTICS 
  STORAGE(INITIAL 65536 NEXT 1048576 MINEXTENTS 1 MAXEXTENTS 2147483645
  PCTINCREASE 0 FREELISTS 1 FREELIST GROUPS 1 BUFFER_POOL DEFAULT FLASH_CACHE DEFAULT CELL_FLASH_CACHE DEFAULT)
  TABLESPACE "USERS"  ENABLE;
  ALTER TABLE "SCHOOL_WEBSPACE"."EXAMSTATUS" MODIFY ("EXAM_STATUS_DESC" NOT NULL ENABLE);
  ALTER TABLE "SCHOOL_WEBSPACE"."EXAMSTATUS" MODIFY ("EXAM_STATUS_ID" NOT NULL ENABLE);
--------------------------------------------------------
--  Constraints for Table LOGINDB
--------------------------------------------------------

  ALTER TABLE "SCHOOL_WEBSPACE"."LOGINDB" ADD CONSTRAINT "PRIMARY_10" PRIMARY KEY ("USERID")
  USING INDEX PCTFREE 10 INITRANS 2 MAXTRANS 255 COMPUTE STATISTICS 
  STORAGE(INITIAL 65536 NEXT 1048576 MINEXTENTS 1 MAXEXTENTS 2147483645
  PCTINCREASE 0 FREELISTS 1 FREELIST GROUPS 1 BUFFER_POOL DEFAULT FLASH_CACHE DEFAULT CELL_FLASH_CACHE DEFAULT)
  TABLESPACE "USERS"  ENABLE;
  ALTER TABLE "SCHOOL_WEBSPACE"."LOGINDB" MODIFY ("PASSWORD" NOT NULL ENABLE);
  ALTER TABLE "SCHOOL_WEBSPACE"."LOGINDB" MODIFY ("USERTYPEID" NOT NULL ENABLE);
  ALTER TABLE "SCHOOL_WEBSPACE"."LOGINDB" MODIFY ("USERID" NOT NULL ENABLE);
--------------------------------------------------------
--  Constraints for Table NEWSEVENTSDB
--------------------------------------------------------

  ALTER TABLE "SCHOOL_WEBSPACE"."NEWSEVENTSDB" ADD CONSTRAINT "PRIMARY_11" PRIMARY KEY ("NEWSEVENTID")
  USING INDEX PCTFREE 10 INITRANS 2 MAXTRANS 255 COMPUTE STATISTICS 
  STORAGE(INITIAL 65536 NEXT 1048576 MINEXTENTS 1 MAXEXTENTS 2147483645
  PCTINCREASE 0 FREELISTS 1 FREELIST GROUPS 1 BUFFER_POOL DEFAULT FLASH_CACHE DEFAULT CELL_FLASH_CACHE DEFAULT)
  TABLESPACE "USERS"  ENABLE;
  ALTER TABLE "SCHOOL_WEBSPACE"."NEWSEVENTSDB" MODIFY ("POST" NOT NULL ENABLE);
  ALTER TABLE "SCHOOL_WEBSPACE"."NEWSEVENTSDB" MODIFY ("TITLE" NOT NULL ENABLE);
  ALTER TABLE "SCHOOL_WEBSPACE"."NEWSEVENTSDB" MODIFY ("NEWSEVENTID" NOT NULL ENABLE);
  ALTER TABLE "SCHOOL_WEBSPACE"."NEWSEVENTSDB" MODIFY ("USERID" NOT NULL ENABLE);
--------------------------------------------------------
--  Constraints for Table SALARYSTATUS
--------------------------------------------------------

  ALTER TABLE "SCHOOL_WEBSPACE"."SALARYSTATUS" ADD CONSTRAINT "PRIMARY_12" PRIMARY KEY ("SALARYSTATUSID")
  USING INDEX PCTFREE 10 INITRANS 2 MAXTRANS 255 COMPUTE STATISTICS 
  STORAGE(INITIAL 65536 NEXT 1048576 MINEXTENTS 1 MAXEXTENTS 2147483645
  PCTINCREASE 0 FREELISTS 1 FREELIST GROUPS 1 BUFFER_POOL DEFAULT FLASH_CACHE DEFAULT CELL_FLASH_CACHE DEFAULT)
  TABLESPACE "USERS"  ENABLE;
  ALTER TABLE "SCHOOL_WEBSPACE"."SALARYSTATUS" MODIFY ("SALARY_STATUS_DESC" NOT NULL ENABLE);
  ALTER TABLE "SCHOOL_WEBSPACE"."SALARYSTATUS" MODIFY ("SALARYSTATUSID" NOT NULL ENABLE);
--------------------------------------------------------
--  Constraints for Table STAFFACCOUNTSDB
--------------------------------------------------------

  ALTER TABLE "SCHOOL_WEBSPACE"."STAFFACCOUNTSDB" ADD CONSTRAINT "PRIMARY_13" PRIMARY KEY ("USERID")
  USING INDEX PCTFREE 10 INITRANS 2 MAXTRANS 255 COMPUTE STATISTICS 
  STORAGE(INITIAL 65536 NEXT 1048576 MINEXTENTS 1 MAXEXTENTS 2147483645
  PCTINCREASE 0 FREELISTS 1 FREELIST GROUPS 1 BUFFER_POOL DEFAULT FLASH_CACHE DEFAULT CELL_FLASH_CACHE DEFAULT)
  TABLESPACE "USERS"  ENABLE;
  ALTER TABLE "SCHOOL_WEBSPACE"."STAFFACCOUNTSDB" MODIFY ("CONTRACT_END_DATE" NOT NULL ENABLE);
  ALTER TABLE "SCHOOL_WEBSPACE"."STAFFACCOUNTSDB" MODIFY ("DATE_OF_JOINING" NOT NULL ENABLE);
  ALTER TABLE "SCHOOL_WEBSPACE"."STAFFACCOUNTSDB" MODIFY ("SALARYSTATUSID" NOT NULL ENABLE);
  ALTER TABLE "SCHOOL_WEBSPACE"."STAFFACCOUNTSDB" MODIFY ("TOTAL_SALARY" NOT NULL ENABLE);
  ALTER TABLE "SCHOOL_WEBSPACE"."STAFFACCOUNTSDB" MODIFY ("ALLOWANCE" NOT NULL ENABLE);
  ALTER TABLE "SCHOOL_WEBSPACE"."STAFFACCOUNTSDB" MODIFY ("IN_HAND_SALARY" NOT NULL ENABLE);
  ALTER TABLE "SCHOOL_WEBSPACE"."STAFFACCOUNTSDB" MODIFY ("USERID" NOT NULL ENABLE);
--------------------------------------------------------
--  Constraints for Table STAFFINFODB
--------------------------------------------------------

  ALTER TABLE "SCHOOL_WEBSPACE"."STAFFINFODB" ADD CONSTRAINT "PRIMARY_14" PRIMARY KEY ("USERID")
  USING INDEX PCTFREE 10 INITRANS 2 MAXTRANS 255 COMPUTE STATISTICS 
  STORAGE(INITIAL 65536 NEXT 1048576 MINEXTENTS 1 MAXEXTENTS 2147483645
  PCTINCREASE 0 FREELISTS 1 FREELIST GROUPS 1 BUFFER_POOL DEFAULT FLASH_CACHE DEFAULT CELL_FLASH_CACHE DEFAULT)
  TABLESPACE "USERS"  ENABLE;
  ALTER TABLE "SCHOOL_WEBSPACE"."STAFFINFODB" MODIFY ("HIGHEST_QUALIFICATION" NOT NULL ENABLE);
  ALTER TABLE "SCHOOL_WEBSPACE"."STAFFINFODB" MODIFY ("DESIGNATION" NOT NULL ENABLE);
  ALTER TABLE "SCHOOL_WEBSPACE"."STAFFINFODB" MODIFY ("USERTYPEID" NOT NULL ENABLE);
  ALTER TABLE "SCHOOL_WEBSPACE"."STAFFINFODB" MODIFY ("USERID" NOT NULL ENABLE);
--------------------------------------------------------
--  Constraints for Table STUDENTACCOUNTSDB
--------------------------------------------------------

  ALTER TABLE "SCHOOL_WEBSPACE"."STUDENTACCOUNTSDB" MODIFY ("TOTAL_FEES" NOT NULL ENABLE);
  ALTER TABLE "SCHOOL_WEBSPACE"."STUDENTACCOUNTSDB" ADD CONSTRAINT "PRIMARY_15" PRIMARY KEY ("CLASSID", "USERID")
  USING INDEX PCTFREE 10 INITRANS 2 MAXTRANS 255 COMPUTE STATISTICS 
  STORAGE(INITIAL 65536 NEXT 1048576 MINEXTENTS 1 MAXEXTENTS 2147483645
  PCTINCREASE 0 FREELISTS 1 FREELIST GROUPS 1 BUFFER_POOL DEFAULT FLASH_CACHE DEFAULT CELL_FLASH_CACHE DEFAULT)
  TABLESPACE "USERS"  ENABLE;
  ALTER TABLE "SCHOOL_WEBSPACE"."STUDENTACCOUNTSDB" MODIFY ("LAST_PAYMENT_DATE" NOT NULL ENABLE);
  ALTER TABLE "SCHOOL_WEBSPACE"."STUDENTACCOUNTSDB" MODIFY ("OUTSTANDING_FEES" NOT NULL ENABLE);
  ALTER TABLE "SCHOOL_WEBSPACE"."STUDENTACCOUNTSDB" MODIFY ("PAID_FEES" NOT NULL ENABLE);
  ALTER TABLE "SCHOOL_WEBSPACE"."STUDENTACCOUNTSDB" MODIFY ("CLASSID" NOT NULL ENABLE);
  ALTER TABLE "SCHOOL_WEBSPACE"."STUDENTACCOUNTSDB" MODIFY ("USERID" NOT NULL ENABLE);
--------------------------------------------------------
--  Constraints for Table STUDENTINFODB
--------------------------------------------------------

  ALTER TABLE "SCHOOL_WEBSPACE"."STUDENTINFODB" ADD CONSTRAINT "PRIMARY_16" PRIMARY KEY ("CLASSID", "USERID")
  USING INDEX PCTFREE 10 INITRANS 2 MAXTRANS 255 COMPUTE STATISTICS 
  STORAGE(INITIAL 65536 NEXT 1048576 MINEXTENTS 1 MAXEXTENTS 2147483645
  PCTINCREASE 0 FREELISTS 1 FREELIST GROUPS 1 BUFFER_POOL DEFAULT FLASH_CACHE DEFAULT CELL_FLASH_CACHE DEFAULT)
  TABLESPACE "USERS"  ENABLE;
  ALTER TABLE "SCHOOL_WEBSPACE"."STUDENTINFODB" MODIFY ("TOTAL_SUBJECTS" NOT NULL ENABLE);
  ALTER TABLE "SCHOOL_WEBSPACE"."STUDENTINFODB" MODIFY ("CLASSID" NOT NULL ENABLE);
  ALTER TABLE "SCHOOL_WEBSPACE"."STUDENTINFODB" MODIFY ("USERID" NOT NULL ENABLE);
--------------------------------------------------------
--  Constraints for Table STUDENTSUBJECTDIST
--------------------------------------------------------

  ALTER TABLE "SCHOOL_WEBSPACE"."STUDENTSUBJECTDIST" ADD CONSTRAINT "PRIMARY_17" PRIMARY KEY ("CLASSID", "SUBJECTID", "USERID")
  USING INDEX PCTFREE 10 INITRANS 2 MAXTRANS 255 COMPUTE STATISTICS 
  STORAGE(INITIAL 65536 NEXT 1048576 MINEXTENTS 1 MAXEXTENTS 2147483645
  PCTINCREASE 0 FREELISTS 1 FREELIST GROUPS 1 BUFFER_POOL DEFAULT FLASH_CACHE DEFAULT CELL_FLASH_CACHE DEFAULT)
  TABLESPACE "USERS"  ENABLE;
  ALTER TABLE "SCHOOL_WEBSPACE"."STUDENTSUBJECTDIST" MODIFY ("SUBJECT_REPORT" NOT NULL ENABLE);
  ALTER TABLE "SCHOOL_WEBSPACE"."STUDENTSUBJECTDIST" MODIFY ("CLASSID" NOT NULL ENABLE);
  ALTER TABLE "SCHOOL_WEBSPACE"."STUDENTSUBJECTDIST" MODIFY ("SUBJECTID" NOT NULL ENABLE);
  ALTER TABLE "SCHOOL_WEBSPACE"."STUDENTSUBJECTDIST" MODIFY ("USERID" NOT NULL ENABLE);
--------------------------------------------------------
--  Constraints for Table STUDENTSUBJECTREPORT
--------------------------------------------------------

  ALTER TABLE "SCHOOL_WEBSPACE"."STUDENTSUBJECTREPORT" ADD CONSTRAINT "PRIMARY_18" PRIMARY KEY ("SUBJECT_REPORT")
  USING INDEX PCTFREE 10 INITRANS 2 MAXTRANS 255 COMPUTE STATISTICS 
  STORAGE(INITIAL 65536 NEXT 1048576 MINEXTENTS 1 MAXEXTENTS 2147483645
  PCTINCREASE 0 FREELISTS 1 FREELIST GROUPS 1 BUFFER_POOL DEFAULT FLASH_CACHE DEFAULT CELL_FLASH_CACHE DEFAULT)
  TABLESPACE "USERS"  ENABLE;
  ALTER TABLE "SCHOOL_WEBSPACE"."STUDENTSUBJECTREPORT" MODIFY ("SUBJECT_REPORT_DESC" NOT NULL ENABLE);
  ALTER TABLE "SCHOOL_WEBSPACE"."STUDENTSUBJECTREPORT" MODIFY ("SUBJECT_REPORT" NOT NULL ENABLE);
--------------------------------------------------------
--  Constraints for Table STUDYMATERIAL
--------------------------------------------------------

  ALTER TABLE "SCHOOL_WEBSPACE"."STUDYMATERIAL" ADD CONSTRAINT "PRIMARY_19" PRIMARY KEY ("USERID", "FILENAME", "UPLOAD_DATE_TIME")
  USING INDEX PCTFREE 10 INITRANS 2 MAXTRANS 255 COMPUTE STATISTICS 
  STORAGE(INITIAL 65536 NEXT 1048576 MINEXTENTS 1 MAXEXTENTS 2147483645
  PCTINCREASE 0 FREELISTS 1 FREELIST GROUPS 1 BUFFER_POOL DEFAULT FLASH_CACHE DEFAULT CELL_FLASH_CACHE DEFAULT)
  TABLESPACE "USERS"  ENABLE;
  ALTER TABLE "SCHOOL_WEBSPACE"."STUDYMATERIAL" MODIFY ("TOTAL_DOWNLOADS" NOT NULL ENABLE);
  ALTER TABLE "SCHOOL_WEBSPACE"."STUDYMATERIAL" MODIFY ("UPLOAD_DATE_TIME" NOT NULL ENABLE);
  ALTER TABLE "SCHOOL_WEBSPACE"."STUDYMATERIAL" MODIFY ("SIZE_" NOT NULL ENABLE);
  ALTER TABLE "SCHOOL_WEBSPACE"."STUDYMATERIAL" MODIFY ("FILE_" NOT NULL ENABLE);
  ALTER TABLE "SCHOOL_WEBSPACE"."STUDYMATERIAL" MODIFY ("FILENAME" NOT NULL ENABLE);
  ALTER TABLE "SCHOOL_WEBSPACE"."STUDYMATERIAL" MODIFY ("USERID" NOT NULL ENABLE);
--------------------------------------------------------
--  Constraints for Table SUBJECT
--------------------------------------------------------

  ALTER TABLE "SCHOOL_WEBSPACE"."SUBJECT" ADD CONSTRAINT "PRIMARY_20" PRIMARY KEY ("SUBJECTID")
  USING INDEX PCTFREE 10 INITRANS 2 MAXTRANS 255 COMPUTE STATISTICS 
  STORAGE(INITIAL 65536 NEXT 1048576 MINEXTENTS 1 MAXEXTENTS 2147483645
  PCTINCREASE 0 FREELISTS 1 FREELIST GROUPS 1 BUFFER_POOL DEFAULT FLASH_CACHE DEFAULT CELL_FLASH_CACHE DEFAULT)
  TABLESPACE "USERS"  ENABLE;
  ALTER TABLE "SCHOOL_WEBSPACE"."SUBJECT" MODIFY ("SUBJECT_NAME" NOT NULL ENABLE);
  ALTER TABLE "SCHOOL_WEBSPACE"."SUBJECT" MODIFY ("SUBJECTID" NOT NULL ENABLE);
--------------------------------------------------------
--  Constraints for Table TEACHERSUBJECTDIST
--------------------------------------------------------

  ALTER TABLE "SCHOOL_WEBSPACE"."TEACHERSUBJECTDIST" ADD CONSTRAINT "PRIMARY_21" PRIMARY KEY ("CLASSID", "SUBJECTID", "USERID")
  USING INDEX PCTFREE 10 INITRANS 2 MAXTRANS 255 COMPUTE STATISTICS 
  STORAGE(INITIAL 65536 NEXT 1048576 MINEXTENTS 1 MAXEXTENTS 2147483645
  PCTINCREASE 0 FREELISTS 1 FREELIST GROUPS 1 BUFFER_POOL DEFAULT FLASH_CACHE DEFAULT CELL_FLASH_CACHE DEFAULT)
  TABLESPACE "USERS"  ENABLE;
  ALTER TABLE "SCHOOL_WEBSPACE"."TEACHERSUBJECTDIST" MODIFY ("SUBJECTID" NOT NULL ENABLE);
  ALTER TABLE "SCHOOL_WEBSPACE"."TEACHERSUBJECTDIST" MODIFY ("CLASSID" NOT NULL ENABLE);
  ALTER TABLE "SCHOOL_WEBSPACE"."TEACHERSUBJECTDIST" MODIFY ("USERID" NOT NULL ENABLE);
--------------------------------------------------------
--  Constraints for Table USERDB
--------------------------------------------------------

  ALTER TABLE "SCHOOL_WEBSPACE"."USERDB" ADD CONSTRAINT "PRIMARY_22" PRIMARY KEY ("USERID")
  USING INDEX PCTFREE 10 INITRANS 2 MAXTRANS 255 COMPUTE STATISTICS 
  STORAGE(INITIAL 65536 NEXT 1048576 MINEXTENTS 1 MAXEXTENTS 2147483645
  PCTINCREASE 0 FREELISTS 1 FREELIST GROUPS 1 BUFFER_POOL DEFAULT FLASH_CACHE DEFAULT CELL_FLASH_CACHE DEFAULT)
  TABLESPACE "USERS"  ENABLE;
  ALTER TABLE "SCHOOL_WEBSPACE"."USERDB" MODIFY ("EMAIL_ID" NOT NULL ENABLE);
  ALTER TABLE "SCHOOL_WEBSPACE"."USERDB" MODIFY ("ALT_PHONE" NOT NULL ENABLE);
  ALTER TABLE "SCHOOL_WEBSPACE"."USERDB" MODIFY ("PHONE" NOT NULL ENABLE);
  ALTER TABLE "SCHOOL_WEBSPACE"."USERDB" MODIFY ("ADDRESS" NOT NULL ENABLE);
  ALTER TABLE "SCHOOL_WEBSPACE"."USERDB" MODIFY ("LNAME" NOT NULL ENABLE);
  ALTER TABLE "SCHOOL_WEBSPACE"."USERDB" MODIFY ("FNAME" NOT NULL ENABLE);
  ALTER TABLE "SCHOOL_WEBSPACE"."USERDB" MODIFY ("USERID" NOT NULL ENABLE);
--------------------------------------------------------
--  Constraints for Table USERTYPE
--------------------------------------------------------

  ALTER TABLE "SCHOOL_WEBSPACE"."USERTYPE" ADD CONSTRAINT "PRIMARY_1" PRIMARY KEY ("USERTYPEID")
  USING INDEX PCTFREE 10 INITRANS 2 MAXTRANS 255 COMPUTE STATISTICS 
  STORAGE(INITIAL 65536 NEXT 1048576 MINEXTENTS 1 MAXEXTENTS 2147483645
  PCTINCREASE 0 FREELISTS 1 FREELIST GROUPS 1 BUFFER_POOL DEFAULT FLASH_CACHE DEFAULT CELL_FLASH_CACHE DEFAULT)
  TABLESPACE "USERS"  ENABLE;
  ALTER TABLE "SCHOOL_WEBSPACE"."USERTYPE" MODIFY ("USERTYPE_NAME" NOT NULL ENABLE);
  ALTER TABLE "SCHOOL_WEBSPACE"."USERTYPE" MODIFY ("USERTYPEID" NOT NULL ENABLE);
--------------------------------------------------------
--  Ref Constraints for Table CLASS
--------------------------------------------------------

  ALTER TABLE "SCHOOL_WEBSPACE"."CLASS" ADD CONSTRAINT "CLASS_IBFK_1" FOREIGN KEY ("CLASSROOMID")
	  REFERENCES "SCHOOL_WEBSPACE"."CLASSROOM" ("CLASSROOMID") ENABLE;
--------------------------------------------------------
--  Ref Constraints for Table CLASSATTENDANCEDB
--------------------------------------------------------

  ALTER TABLE "SCHOOL_WEBSPACE"."CLASSATTENDANCEDB" ADD CONSTRAINT "FK_ATTENDANCE_CLASSSTUDENTSUBJ" FOREIGN KEY ("CLASSID", "SUBJECTID", "USERID")
	  REFERENCES "SCHOOL_WEBSPACE"."STUDENTSUBJECTDIST" ("CLASSID", "SUBJECTID", "USERID") ENABLE;
--------------------------------------------------------
--  Ref Constraints for Table CLASSSUBJECTDIST
--------------------------------------------------------

  ALTER TABLE "SCHOOL_WEBSPACE"."CLASSSUBJECTDIST" ADD CONSTRAINT "CLASSSUBJECTDIST_IBFK_1" FOREIGN KEY ("SUBJECTID")
	  REFERENCES "SCHOOL_WEBSPACE"."SUBJECT" ("SUBJECTID") ENABLE;
  ALTER TABLE "SCHOOL_WEBSPACE"."CLASSSUBJECTDIST" ADD CONSTRAINT "CLASSSUBJECTDIST_IBFK_2" FOREIGN KEY ("CLASSID")
	  REFERENCES "SCHOOL_WEBSPACE"."CLASS" ("CLASSID") ENABLE;
--------------------------------------------------------
--  Ref Constraints for Table EXAM
--------------------------------------------------------

  ALTER TABLE "SCHOOL_WEBSPACE"."EXAM" ADD CONSTRAINT "EXAM_IBFK_3" FOREIGN KEY ("EXAM_LOCATION")
	  REFERENCES "SCHOOL_WEBSPACE"."CLASSROOM" ("CLASSROOMID") ENABLE;
  ALTER TABLE "SCHOOL_WEBSPACE"."EXAM" ADD CONSTRAINT "EXAM_IBFK_4" FOREIGN KEY ("EXAM_STATUS_ID")
	  REFERENCES "SCHOOL_WEBSPACE"."EXAMSTATUS" ("EXAM_STATUS_ID") ENABLE;
  ALTER TABLE "SCHOOL_WEBSPACE"."EXAM" ADD CONSTRAINT "FK_EXAMCLASSSUBJECTID" FOREIGN KEY ("CLASSID", "SUBJECTID")
	  REFERENCES "SCHOOL_WEBSPACE"."CLASSSUBJECTDIST" ("CLASSID", "SUBJECTID") ENABLE;
--------------------------------------------------------
--  Ref Constraints for Table EXAMENROLLDB
--------------------------------------------------------

  ALTER TABLE "SCHOOL_WEBSPACE"."EXAMENROLLDB" ADD CONSTRAINT "EXAMENROLLDB_IBFK_2" FOREIGN KEY ("EXAMID")
	  REFERENCES "SCHOOL_WEBSPACE"."EXAM" ("EXAMID") ENABLE;
  ALTER TABLE "SCHOOL_WEBSPACE"."EXAMENROLLDB" ADD CONSTRAINT "EXAMENROLLDB_IBFK_3" FOREIGN KEY ("EXAM_STATUS_ID")
	  REFERENCES "SCHOOL_WEBSPACE"."EXAMSTATUS" ("EXAM_STATUS_ID") ENABLE;
--------------------------------------------------------
--  Ref Constraints for Table EXAMHALLTICKETDB
--------------------------------------------------------

  ALTER TABLE "SCHOOL_WEBSPACE"."EXAMHALLTICKETDB" ADD CONSTRAINT "EXAMHALLTICKETDB_IBFK_1" FOREIGN KEY ("EXAMID", "USERID")
	  REFERENCES "SCHOOL_WEBSPACE"."EXAMENROLLDB" ("EXAMID", "USERID") ENABLE;
--------------------------------------------------------
--  Ref Constraints for Table EXAMRESULTDB
--------------------------------------------------------

  ALTER TABLE "SCHOOL_WEBSPACE"."EXAMRESULTDB" ADD CONSTRAINT "EXAMENROLLDB_IBFK_1" FOREIGN KEY ("EXAMID", "USERID")
	  REFERENCES "SCHOOL_WEBSPACE"."EXAMENROLLDB" ("EXAMID", "USERID") ENABLE;
--------------------------------------------------------
--  Ref Constraints for Table LOGINDB
--------------------------------------------------------

  ALTER TABLE "SCHOOL_WEBSPACE"."LOGINDB" ADD CONSTRAINT "LOGINDB_IBFK_1" FOREIGN KEY ("USERID")
	  REFERENCES "SCHOOL_WEBSPACE"."USERDB" ("USERID") ENABLE;
  ALTER TABLE "SCHOOL_WEBSPACE"."LOGINDB" ADD CONSTRAINT "LOGINDB_IBFK_2" FOREIGN KEY ("USERTYPEID")
	  REFERENCES "SCHOOL_WEBSPACE"."USERTYPE" ("USERTYPEID") ENABLE;
--------------------------------------------------------
--  Ref Constraints for Table NEWSEVENTSDB
--------------------------------------------------------

  ALTER TABLE "SCHOOL_WEBSPACE"."NEWSEVENTSDB" ADD CONSTRAINT "NEWSEVENTSDB_IBFK_1" FOREIGN KEY ("USERID")
	  REFERENCES "SCHOOL_WEBSPACE"."STAFFINFODB" ("USERID") ENABLE;
--------------------------------------------------------
--  Ref Constraints for Table STAFFACCOUNTSDB
--------------------------------------------------------

  ALTER TABLE "SCHOOL_WEBSPACE"."STAFFACCOUNTSDB" ADD CONSTRAINT "STAFFACCOUNTSDB_IBFK_1" FOREIGN KEY ("USERID")
	  REFERENCES "SCHOOL_WEBSPACE"."STAFFINFODB" ("USERID") ENABLE;
  ALTER TABLE "SCHOOL_WEBSPACE"."STAFFACCOUNTSDB" ADD CONSTRAINT "STAFFACCOUNTSDB_IBFK_2" FOREIGN KEY ("SALARYSTATUSID")
	  REFERENCES "SCHOOL_WEBSPACE"."SALARYSTATUS" ("SALARYSTATUSID") ENABLE;
--------------------------------------------------------
--  Ref Constraints for Table STAFFINFODB
--------------------------------------------------------

  ALTER TABLE "SCHOOL_WEBSPACE"."STAFFINFODB" ADD CONSTRAINT "STAFFINFODB_IBFK_1" FOREIGN KEY ("USERID")
	  REFERENCES "SCHOOL_WEBSPACE"."USERDB" ("USERID") ENABLE;
  ALTER TABLE "SCHOOL_WEBSPACE"."STAFFINFODB" ADD CONSTRAINT "STAFFINFODB_IBFK_2" FOREIGN KEY ("USERTYPEID")
	  REFERENCES "SCHOOL_WEBSPACE"."USERTYPE" ("USERTYPEID") ENABLE;
--------------------------------------------------------
--  Ref Constraints for Table STUDENTACCOUNTSDB
--------------------------------------------------------

  ALTER TABLE "SCHOOL_WEBSPACE"."STUDENTACCOUNTSDB" ADD CONSTRAINT "STUDENTACCOUNTSDB_IBFK_1" FOREIGN KEY ("CLASSID", "USERID")
	  REFERENCES "SCHOOL_WEBSPACE"."STUDENTINFODB" ("CLASSID", "USERID") ENABLE;
--------------------------------------------------------
--  Ref Constraints for Table STUDENTINFODB
--------------------------------------------------------

  ALTER TABLE "SCHOOL_WEBSPACE"."STUDENTINFODB" ADD CONSTRAINT "STUDENTINFODB_IBFK_1" FOREIGN KEY ("USERID")
	  REFERENCES "SCHOOL_WEBSPACE"."USERDB" ("USERID") ENABLE;
  ALTER TABLE "SCHOOL_WEBSPACE"."STUDENTINFODB" ADD CONSTRAINT "STUDENTINFODB_IBFK_2" FOREIGN KEY ("CLASSID")
	  REFERENCES "SCHOOL_WEBSPACE"."CLASS" ("CLASSID") ENABLE;
--------------------------------------------------------
--  Ref Constraints for Table STUDENTSUBJECTDIST
--------------------------------------------------------

  ALTER TABLE "SCHOOL_WEBSPACE"."STUDENTSUBJECTDIST" ADD CONSTRAINT "STUDENTSUBJECTDIST_IBFK_1" FOREIGN KEY ("CLASSID", "USERID")
	  REFERENCES "SCHOOL_WEBSPACE"."STUDENTINFODB" ("CLASSID", "USERID") ENABLE;
  ALTER TABLE "SCHOOL_WEBSPACE"."STUDENTSUBJECTDIST" ADD CONSTRAINT "STUDENTSUBJECTDIST_IBFK_2" FOREIGN KEY ("SUBJECTID")
	  REFERENCES "SCHOOL_WEBSPACE"."SUBJECT" ("SUBJECTID") ENABLE;
  ALTER TABLE "SCHOOL_WEBSPACE"."STUDENTSUBJECTDIST" ADD CONSTRAINT "STUDENTSUBJECTDIST_IBFK_3" FOREIGN KEY ("SUBJECT_REPORT")
	  REFERENCES "SCHOOL_WEBSPACE"."STUDENTSUBJECTREPORT" ("SUBJECT_REPORT") ENABLE;
--------------------------------------------------------
--  Ref Constraints for Table STUDYMATERIAL
--------------------------------------------------------

  ALTER TABLE "SCHOOL_WEBSPACE"."STUDYMATERIAL" ADD CONSTRAINT "STUDYMATERIAL_IBFK_1" FOREIGN KEY ("USERID")
	  REFERENCES "SCHOOL_WEBSPACE"."USERDB" ("USERID") ENABLE;
--------------------------------------------------------
--  Ref Constraints for Table TEACHERSUBJECTDIST
--------------------------------------------------------

  ALTER TABLE "SCHOOL_WEBSPACE"."TEACHERSUBJECTDIST" ADD CONSTRAINT "FK_TEACHERCLASSSUBJECTID" FOREIGN KEY ("CLASSID", "SUBJECTID")
	  REFERENCES "SCHOOL_WEBSPACE"."CLASSSUBJECTDIST" ("CLASSID", "SUBJECTID") ENABLE;
  ALTER TABLE "SCHOOL_WEBSPACE"."TEACHERSUBJECTDIST" ADD CONSTRAINT "TEACHERSUBJECTDIST_IBFK_3" FOREIGN KEY ("USERID")
	  REFERENCES "SCHOOL_WEBSPACE"."STAFFINFODB" ("USERID") ENABLE;
